title,price,rating,reviews,availability,link,image_url,category,rank,website
"Swiss Arabian Layali - Luxury Products From Dubai - Long Lasting And Addictive Personal Perfume Oil Fragrance - A Seductive, Signature Aroma - The Luxurious Scent Of Arabia - 0.5 Oz",$23.00,4.2 out of 5 stars,"6,764 ratings",In Stock,https://www.amazon.com/SWISS-ARABIAN-Layali-Addictive-Fragrance/dp/B076CQLF5Z/ref=sr_1_1?keywords=perfume&qid=1689050716&s=beauty-intl-ship&sr=1-1,https://m.media-amazon.com/images/I/411QjZ0WSSL._SX300_SY300_QL70_ML2_.jpg,perfume,3380.12,amazon
"Pacifica Beauty, Island Vanilla Hair Perfume & Body Mist, Best Warm Vanilla Scent, Natural + Essential Oils, Alcohol Free, 100% Vegan and Cruelty Free, Clean Fragrance",$8.40,4.2 out of 5 stars,"15,163 ratings",In Stock,https://www.amazon.com/Pacifica-Beauty-Island-Vanilla-Perfumed/dp/B072KXYGT2/ref=sr_1_2?keywords=perfume&qid=1689050716&s=beauty-intl-ship&sr=1-2,https://m.media-amazon.com/images/I/31kHwyxY3uL._SX300_SY300_QL70_ML2_.jpg,perfume,7581.08,amazon
"HUIBAO Gold Arabian Concentrated Perfume Oil, Arabic Perfume for Women, Arabian Perfume Oil- Long Lasting A Seductive Perfume Oil (12ml)",$18.88,4.0 out of 5 stars,73 ratings,Only 9 left in stock - order soon,https://www.amazon.com/HUIBAO-Arabian-Concentrated-Perfume-Seductive/dp/B0C77X1888/ref=sr_1_3?keywords=perfume&qid=1689050716&s=beauty-intl-ship&sr=1-3,https://m.media-amazon.com/images/I/51yODTVPdRL._SX300_SY300_QL70_ML2_.jpg,perfume,35.012,amazon
Pure Instinct CRAVE Roll-On The Original Pheromone Infused Essential Oil Perfume Cologne – For Her - TSA Ready 0.34 fl oz,$17.95,4.0 out of 5 stars,"13,447 ratings",In Stock,https://www.amazon.com/Pure-Instinct-Original-Pheromone-Essential/dp/B096LB7G9L/ref=sr_1_4?keywords=perfume&qid=1689050716&s=beauty-intl-ship&sr=1-4,https://m.media-amazon.com/images/I/3194gfckRAL._SX300_SY300_QL70_ML2_.jpg,perfume,6722.105,amazon
"Vingtank 2Pcs Pheromone Perfume for Women,Long Lasting Pheromone Perfume,Pheromone Unisex Perfume Oil Roll On",$18.90,3.1 out of 5 stars,19 ratings,In Stock,https://www.amazon.com/Vingtank-Pheromone-Perfume-Lasting-Unisex/dp/B0BZV13MTV/ref=sr_1_5?keywords=perfume&qid=1689050716&s=beauty-intl-ship&sr=1-5,https://m.media-amazon.com/images/I/41tc5jSZ-NL._SX300_SY300_QL70_ML2_.jpg,perfume,7.92,amazon
"2pc Lunex Ferro Perfume, Ferromont Roll-on Perfume for Women, P_h_e romone Perfume for Women, Ferromont Perfume Oil, Travel Perfume Long Wear, Perfume for Men and Women (Miss)",$17.99,2.8 out of 5 stars,9 ratings,In Stock,https://www.amazon.com/Lunex-Perfume-Ferromont-romone-Travel/dp/B0C85268M6/ref=sr_1_6?keywords=perfume&qid=1689050716&s=beauty-intl-ship&sr=1-6,https://m.media-amazon.com/images/I/41pkziPag4L._SX300_SY300_QL70_ML2_.jpg,perfume,2.981,amazon
"PIRETTE Mini Fragrance Oil, Women’s Beach Inspired Perfume Oil, Notes of Fresh Coconut, Surf Wax & Sunscreen, 0.25 Fl Oz",$28.00,4.3 out of 5 stars,616 ratings,In Stock,https://www.amazon.com/PIRETTE-Fragrance-Inspired-Perfume-Sunscreen/dp/B0BJRWF73Y/ref=sr_1_7?keywords=perfume&qid=1689050716&s=beauty-intl-ship&sr=1-7,https://m.media-amazon.com/images/I/31PY6qxP6oL._SX300_SY300_QL70_ML2_.jpg,perfume,305.63,amazon
"2Pcs Lunex Phero Perfume, Verola Perfume for Women, Phero Perfume for Women, Portable Perfume Long Lasting Female",$16.99,3.3 out of 5 stars,80 ratings,In Stock,https://www.amazon.com/Perfume-Verola-Portable-Lasting-Female/dp/B0BWXMW5JK/ref=sr_1_8?keywords=perfume&qid=1689050716&s=beauty-intl-ship&sr=1-8,https://m.media-amazon.com/images/I/41xhxt9HFyL._SX300_SY300_QL70_ML2_.jpg,perfume,38.631,amazon
Bath and Body Works CHAMPAGNE TOAST Fine Fragrance Mist - NEW LOOKS 2022 - PACK OF 2 ( FULL SIZE MIST 8FL OZ / 236 ML ),$33.42,5.0 out of 5 stars,6 ratings,Only 5 left in stock - order soon,https://www.amazon.com/Bath-Body-Works-CHAMPAGNE-Fragrance/dp/B09XT4QB6P/ref=sr_1_10?keywords=perfume&qid=1689050716&s=beauty-intl-ship&sr=1-10,https://m.media-amazon.com/images/I/41FMAVGSVIL._SX300_SY300_QL70_ML2_.jpg,perfume,0.15799999999999947,amazon
"ROSARDEN Travel Mini perfume Refillable Atomizer Container, Portable, Travel Size, Scent Pump Case, Fragrance Empty spray bottle for Traveling and Outgoing 5ml (2Pcs)",$5.99,4.3 out of 5 stars,"3,827 ratings",In Stock,https://www.amazon.com/sspa/click?ie=UTF8&spc=MTo0Mjc2ODQ0MTA4MjkyODg4OjE2ODkwNTA3MTY6c3BfbXRmOjIwMDE3OTUwMDgzNjQ5ODo6MDo6&url=%2FRefillable-Atomizer-Container-Fragrance-Traveling%2Fdp%2FB09NXVJ25C%2Fref%3Dsr_1_13_sspa%3Fkeywords%3Dperfume%26qid%3D1689050716%26s%3Dbeauty-intl-ship%26sr%3D1-13-spons%26sp_csd%3Dd2lkZ2V0TmFtZT1zcF9tdGY%26psc%3D1%26smid%3DA3UD1HW83573WA,https://m.media-amazon.com/images/I/51kfbGJZM4L.__AC_SX300_SY300_QL70_ML2_.jpg,perfume,1913.3310000000001,amazon
"Duradry AM Deodorant & Antiperspirant - Prescription Strength Deodorant for Hyperhidrosis, Antiperspirant for Women & Men, Armpit Sweat Protection, Silicone-free - Barca, 2.3 Oz (Pack of 3)",$34.99,3.9 out of 5 stars,"2,126 ratings",In Stock,https://www.amazon.com/sspa/click?ie=UTF8&spc=MTo0Mjc2ODQ0MTA4MjkyODg4OjE2ODkwNTA3MTY6c3BfbXRmOjIwMDA2NzU2NTY3MjA5ODo6MDo6&url=%2FDuradry-Antiperspirant-Deodorant-Prescription-Prevention%2Fdp%2FB094DSYCVR%2Fref%3Dsr_1_14_sspa%3Fkeywords%3Dperfume%26qid%3D1689050716%26s%3Dbeauty-intl-ship%26sr%3D1-14-spons%26sp_csd%3Dd2lkZ2V0TmFtZT1zcF9tdGY%26psc%3D1,https://m.media-amazon.com/images/I/41rGddfotfL._SX300_SY300_QL70_ML2_.jpg,perfume,1059.891,amazon
Daixers 5Pcs Perfume Travel Bottle Refillable Portable Perfume Atomizer Bottles 5ml/0.2oz (Black),$9.99,4.3 out of 5 stars,47 ratings,In Stock,https://www.amazon.com/sspa/click?ie=UTF8&spc=MTo0Mjc2ODQ0MTA4MjkyODg4OjE2ODkwNTA3MTY6c3BfbXRmOjIwMDA5ODM0NDQ3MjQ5ODo6MDo6&url=%2FDaixers-Perfume-Refillable-Portable-Atomizer%2Fdp%2FB0BG7FD55K%2Fref%3Dsr_1_15_sspa%3Fkeywords%3Dperfume%26qid%3D1689050716%26s%3Dbeauty-intl-ship%26sr%3D1-15-spons%26sp_csd%3Dd2lkZ2V0TmFtZT1zcF9tdGY%26psc%3D1,https://m.media-amazon.com/images/I/617uBNZjuCL.__AC_SX300_SY300_QL70_ML2_.jpg,perfume,22.931,amazon
"Flowerbomb by Viktor & Rolf for Women, Eau de Parfum, Orchid, 3.4 Ounce Spray",$94.86,4.7 out of 5 stars,"3,496 ratings",In Stock,https://www.amazon.com/Flowerbomb-Viktor-Rolf-Women-Parfum/dp/B000P20U7G/ref=sr_1_16?keywords=perfume&qid=1689050716&s=beauty-intl-ship&sr=1-16,https://m.media-amazon.com/images/I/41-FLoPdgtL._SX300_SY300_QL70_ML2_.jpg,perfume,1738.984,amazon
"Swiss Arabian Jamila - Luxury Products From Dubai - Long Lasting And Addictive Personal Perfume Oil Fragrance - A Seductive, Signature Aroma - The Luxurious Scent Of Arabia - 0.5 Oz",$20.28,4.2 out of 5 stars,"2,141 ratings",In Stock,https://www.amazon.com/SWISS-ARABIAN-Jamila-Women-Concentrated/dp/B076CR2S5C/ref=sr_1_17?keywords=perfume&qid=1689050716&s=beauty-intl-ship&sr=1-17,https://m.media-amazon.com/images/I/41rAuvtaatL._SX300_SY300_QL70_ML2_.jpg,perfume,1068.892,amazon
"13 Moons Love Potion Number 7 Pheromone Infused Perfume Roll-on Oil, Strong Attraction Unisex Pheromones…",$19.95,3.9 out of 5 stars,96 ratings,In Stock,https://www.amazon.com/Pheromone-Infused-Perfume-Attraction-Pheromones/dp/B0B12ZNNHK/ref=sr_1_18?keywords=perfume&qid=1689050716&s=beauty-intl-ship&sr=1-18,https://m.media-amazon.com/images/I/3135ZDSrndL._SX300_SY300_QL70_ML2_.jpg,perfume,46.395,amazon
Egyptian Goddess 1/3oz Auric Blends perfume,$11.99,4.2 out of 5 stars,"2,090 ratings",In Stock,https://www.amazon.com/Egyptian-Goddess-Auric-Blends-perfume/dp/B00NVYPZCU/ref=sr_1_20?keywords=perfume&qid=1689050716&s=beauty-intl-ship&sr=1-20,https://m.media-amazon.com/images/I/41eG7rZM5BL._SX300_SY300_QL70_ML2_.jpg,perfume,1044.221,amazon
"Baicai Gold Concentrated Perfume Oil, Gold Perfume Oil, Arabian Perfume for Women, Retro Perfume Essential Oil Perfume Gift 35ML",$19.99,2.1 out of 5 stars,14 ratings,Only 1 left in stock - order soon,https://www.amazon.com/Baicai-Concentrated-Perfume-Arabian-Essential/dp/B0C6XXXVPP/ref=sr_1_21?keywords=perfume&qid=1689050716&s=beauty-intl-ship&sr=1-21,https://m.media-amazon.com/images/I/51i5TsdZXLL._SX300_SY300_QL70_ML2_.jpg,perfume,5.211,amazon
"Blossom Roll on Rollerball Perfume Oil with Natural Ingredients + Essential Oils, Infused with Real Flowers, Made in USA, 0.20 fl. oz./5.9 ml, (Jasmine, Tulips, Oibanum, Pink Pepper), Classic Honey Jasmine",$9.00,4.0 out of 5 stars,"1,887 ratings",In Stock,https://www.amazon.com/Blossom-Roll-Perfume-Scent-Jasmine/dp/B071H9QRP6/ref=sr_1_23?keywords=perfume&qid=1689050716&s=beauty-intl-ship&sr=1-23,https://m.media-amazon.com/images/I/31RJLU22nTL._SX300_SY300_QL70_ML2_.jpg,perfume,943.0,amazon
Dove Care Between Washes Hair Perfume Hair Fragrance For Sweat and Odors Go Active Hair Product for 24 Hour Protection 1.7 oz,$15.99,4.2 out of 5 stars,173 ratings,Only 6 left in stock - order soon,https://www.amazon.com/Between-Perfume-Fragrance-Product-Protection/dp/B084DHQRM6/ref=sr_1_25?keywords=perfume&qid=1689050716&s=beauty-intl-ship&sr=1-25,https://m.media-amazon.com/images/I/31agO1F4g8L._SX300_SY300_QL70_ML2_.jpg,perfume,85.321,amazon
"Demeter Pistachio Ice Cream  Roll On Perfume Oil Fragrance Library, 0.33 Oz, Long-Lasting",$13.90,3.9 out of 5 stars,451 ratings,Only 16 left in stock - order soon,https://www.amazon.com/Demeter-Pistachio-Perfume-Fragrance-Library/dp/B018YM63ZQ/ref=sr_1_26?keywords=perfume&qid=1689050716&s=beauty-intl-ship&sr=1-26,https://m.media-amazon.com/images/I/21HqOXNfvML._SX300_SY300_QL70_ML2_.jpg,perfume,224.5,amazon
Pure Instinct Roll-On - The Original Pheromone Infused Essential Oil Perfume Cologne - Unisex For Men and Women - TSA Ready,$16.95,3.9 out of 5 stars,"74,217 ratings",In Stock,https://www.amazon.com/Pure-Instinct-Pheromone-Bodycare-BeautyCare/dp/B00EJDG7XI/ref=sr_1_27?keywords=perfume&qid=1689050716&s=beauty-intl-ship&sr=1-27,https://m.media-amazon.com/images/I/31bd+EDqjVL._SY300_SX300_.jpg,perfume,37107.195,amazon
Wresty 10 Pcs Blask Glass Spray Bottle 10ml Perfume Atomizer Refillable Travel Fine Mist Spray Bottle Liquid Fragrance Sample Atomizer Spray Bottles,$11.99,4.0 out of 5 stars,14 ratings,Only 10 left in stock - order soon,https://www.amazon.com/sspa/click?ie=UTF8&spc=MTo0Mjc2ODQ0MTA4MjkyODg4OjE2ODkwNTA3MTY6c3BfYnRmOjIwMDAzODQ4NTE5MDk5ODo6MDo6&url=%2FPerfume-Atomizer-Refillable-Fragrance-Bottles%2Fdp%2FB09CL4KTVB%2Fref%3Dsr_1_28_sspa%3Fkeywords%3Dperfume%26qid%3D1689050716%26s%3Dbeauty-intl-ship%26sr%3D1-28-spons%26sp_csd%3Dd2lkZ2V0TmFtZT1zcF9idGY%26psc%3D1,https://m.media-amazon.com/images/I/513Kc5wd+pL._AC_SY300_SX300_.jpg,perfume,6.2010000000000005,amazon
"Travel perfume bottle refillable-mini perfume refillable bottle-perfume travel refillable-travel perfume atomizer refillable-Suitable for travel, vacation, camping, business trip.（5ml）(PTA-black)",$10.00,4.9 out of 5 stars,38 ratings,Only 9 left in stock - order soon,https://www.amazon.com/sspa/click?ie=UTF8&spc=MTo0Mjc2ODQ0MTA4MjkyODg4OjE2ODkwNTA3MTY6c3BfYnRmOjIwMDE2NDY1NzE1MDU5ODo6MDo6&url=%2Frefillable-mini-refillable-bottle-perfume-refillable-travel-refillable-Suitable_sspa%2Fdp%2FB0B9NB28RG%2Fref%3Dsr_1_29%3Fkeywords%3Dperfume%26qid%3D1689050716%26s%3Dbeauty-intl-ship%26sr%3D1-29-spons%26sp_csd%3Dd2lkZ2V0TmFtZT1zcF9idGY%26psc%3D1,https://m.media-amazon.com/images/I/51GCpgLEkXL.__AC_SX300_SY300_QL70_ML2_.jpg,perfume,18.49,amazon
Kewjug Refillable Mini Perfume Atomizer Bottle，Portable Separate Bottles，Travel and Outings Spray Boxes Dispensers 5ml/0.2oz (Black),$3.99,3.9 out of 5 stars,269 ratings,In Stock,https://www.amazon.com/sspa/click?ie=UTF8&spc=MTo0Mjc2ODQ0MTA4MjkyODg4OjE2ODkwNTA3MTY6c3BfYnRmOjIwMDEzNTY3MDU1NzA5ODo6MDo6&url=%2FKewjug-Refillable-Bottle%25EF%25BC%258CPortable-Bottles%25EF%25BC%258CTravel-Dispensers%2Fdp%2FB0BWQN1RJF%2Fref%3Dsr_1_31_sspa%3Fkeywords%3Dperfume%26qid%3D1689050716%26s%3Dbeauty-intl-ship%26sr%3D1-31-spons%26sp_csd%3Dd2lkZ2V0TmFtZT1zcF9idGY%26psc%3D1,https://m.media-amazon.com/images/I/511Afo3cjVL.__AC_SX300_SY300_QL70_ML2_.jpg,perfume,134.49099999999999,amazon
RawChemistry Bliss Pheromone Perfume for Women - Attraction for Men 1oz.,$29.90,3.7 out of 5 stars,372 ratings,In Stock,https://www.amazon.com/sspa/click?ie=UTF8&spc=MTo0Mjc2ODQ0MTA4MjkyODg4OjE2ODkwNTA3MTY6c3BfYnRmOjIwMDA5NzEzNDU5NDY5ODo6MDo6&url=%2FRawChemistry-Bliss-Pheromone-Perfume-Women%2Fdp%2FB0B98QZNZV%2Fref%3Dsr_1_32_sspa%3Fkeywords%3Dperfume%26qid%3D1689050716%26s%3Dbeauty-intl-ship%26sr%3D1-32-spons%26sp_csd%3Dd2lkZ2V0TmFtZT1zcF9idGY%26psc%3D1,https://m.media-amazon.com/images/I/316JpFEPaCL._SY300_SX300_QL70_ML2_.jpg,perfume,183.38,amazon
Beetoo 12ML 6 Colors Portable Mini Travel Perfume Bottle Atomizer Refillable Empty Spray Bottle for Women & Men Spray Scent Aftershave,$13.88,4.2 out of 5 stars,62 ratings,Only 11 left in stock - order soon,https://www.amazon.com/sspa/click?ie=UTF8&spc=MTo0Mjc2ODQ0MTA4MjkyODg4OjE2ODkwNTA3MTY6c3BfYnRmOjIwMDA0MjU1MzA1MTg5ODo6MDo6&url=%2FBeeToo-Portable-Atomizer-Refillable-Aftershave%2Fdp%2FB0822WRY6B%2Fref%3Dsr_1_33_sspa%3Fkeywords%3Dperfume%26qid%3D1689050716%26s%3Dbeauty-intl-ship%26sr%3D1-33-spons%26sp_csd%3Dd2lkZ2V0TmFtZT1zcF9idGY%26psc%3D1,https://m.media-amazon.com/images/I/61QqS4WjqwL.__AC_SX300_SY300_QL70_ML2_.jpg,perfume,30.032,amazon
"Swiss Arabian Layali - Luxury Products From Dubai - Long Lasting And Addictive Personal Perfume Oil Fragrance - A Seductive, Signature Aroma - The Luxurious Scent Of Arabia - 0.5 Oz",$23.00,4.2 out of 5 stars,"6,764 ratings",In Stock,https://www.amazon.com/SWISS-ARABIAN-Layali-Addictive-Fragrance/dp/B076CQLF5Z/ref=sr_1_1?keywords=perfume&qid=1689050716&s=beauty-intl-ship&sr=1-1,https://m.media-amazon.com/images/I/411QjZ0WSSL._SX300_SY300_QL70_ML2_.jpg,perfume,3380.12,amazon
"Pacifica Beauty, Island Vanilla Hair Perfume & Body Mist, Best Warm Vanilla Scent, Natural + Essential Oils, Alcohol Free, 100% Vegan and Cruelty Free, Clean Fragrance",$8.40,4.2 out of 5 stars,"15,163 ratings",In Stock,https://www.amazon.com/Pacifica-Beauty-Island-Vanilla-Perfumed/dp/B072KXYGT2/ref=sr_1_2?keywords=perfume&qid=1689050716&s=beauty-intl-ship&sr=1-2,https://m.media-amazon.com/images/I/31kHwyxY3uL._SX300_SY300_QL70_ML2_.jpg,perfume,7581.08,amazon
"HUIBAO Gold Arabian Concentrated Perfume Oil, Arabic Perfume for Women, Arabian Perfume Oil- Long Lasting A Seductive Perfume Oil (12ml)",$18.88,4.0 out of 5 stars,73 ratings,Only 9 left in stock - order soon,https://www.amazon.com/HUIBAO-Arabian-Concentrated-Perfume-Seductive/dp/B0C77X1888/ref=sr_1_3?keywords=perfume&qid=1689050716&s=beauty-intl-ship&sr=1-3,https://m.media-amazon.com/images/I/51yODTVPdRL._SX300_SY300_QL70_ML2_.jpg,perfume,35.012,amazon
Pure Instinct CRAVE Roll-On The Original Pheromone Infused Essential Oil Perfume Cologne – For Her - TSA Ready 0.34 fl oz,$17.95,4.0 out of 5 stars,"13,447 ratings",In Stock,https://www.amazon.com/Pure-Instinct-Original-Pheromone-Essential/dp/B096LB7G9L/ref=sr_1_4?keywords=perfume&qid=1689050716&s=beauty-intl-ship&sr=1-4,https://m.media-amazon.com/images/I/3194gfckRAL._SX300_SY300_QL70_ML2_.jpg,perfume,6722.105,amazon
"Vingtank 2Pcs Pheromone Perfume for Women,Long Lasting Pheromone Perfume,Pheromone Unisex Perfume Oil Roll On",$18.90,3.1 out of 5 stars,19 ratings,In Stock,https://www.amazon.com/Vingtank-Pheromone-Perfume-Lasting-Unisex/dp/B0BZV13MTV/ref=sr_1_5?keywords=perfume&qid=1689050716&s=beauty-intl-ship&sr=1-5,https://m.media-amazon.com/images/I/41tc5jSZ-NL._SX300_SY300_QL70_ML2_.jpg,perfume,7.92,amazon
"2pc Lunex Ferro Perfume, Ferromont Roll-on Perfume for Women, P_h_e romone Perfume for Women, Ferromont Perfume Oil, Travel Perfume Long Wear, Perfume for Men and Women (Miss)",$17.99,2.8 out of 5 stars,9 ratings,In Stock,https://www.amazon.com/Lunex-Perfume-Ferromont-romone-Travel/dp/B0C85268M6/ref=sr_1_6?keywords=perfume&qid=1689050716&s=beauty-intl-ship&sr=1-6,https://m.media-amazon.com/images/I/41pkziPag4L._SX300_SY300_QL70_ML2_.jpg,perfume,2.981,amazon
"PIRETTE Mini Fragrance Oil, Women’s Beach Inspired Perfume Oil, Notes of Fresh Coconut, Surf Wax & Sunscreen, 0.25 Fl Oz",$28.00,4.3 out of 5 stars,616 ratings,In Stock,https://www.amazon.com/PIRETTE-Fragrance-Inspired-Perfume-Sunscreen/dp/B0BJRWF73Y/ref=sr_1_7?keywords=perfume&qid=1689050716&s=beauty-intl-ship&sr=1-7,https://m.media-amazon.com/images/I/31PY6qxP6oL._SX300_SY300_QL70_ML2_.jpg,perfume,305.63,amazon
"2Pcs Lunex Phero Perfume, Verola Perfume for Women, Phero Perfume for Women, Portable Perfume Long Lasting Female",$16.99,3.3 out of 5 stars,80 ratings,In Stock,https://www.amazon.com/Perfume-Verola-Portable-Lasting-Female/dp/B0BWXMW5JK/ref=sr_1_8?keywords=perfume&qid=1689050716&s=beauty-intl-ship&sr=1-8,https://m.media-amazon.com/images/I/41xhxt9HFyL._SX300_SY300_QL70_ML2_.jpg,perfume,38.631,amazon
Bath and Body Works CHAMPAGNE TOAST Fine Fragrance Mist - NEW LOOKS 2022 - PACK OF 2 ( FULL SIZE MIST 8FL OZ / 236 ML ),$33.42,5.0 out of 5 stars,6 ratings,Only 5 left in stock - order soon,https://www.amazon.com/Bath-Body-Works-CHAMPAGNE-Fragrance/dp/B09XT4QB6P/ref=sr_1_10?keywords=perfume&qid=1689050716&s=beauty-intl-ship&sr=1-10,https://m.media-amazon.com/images/I/41FMAVGSVIL._SX300_SY300_QL70_ML2_.jpg,perfume,0.15799999999999947,amazon
"ROSARDEN Travel Mini perfume Refillable Atomizer Container, Portable, Travel Size, Scent Pump Case, Fragrance Empty spray bottle for Traveling and Outgoing 5ml (2Pcs)",$5.99,4.3 out of 5 stars,"3,827 ratings",In Stock,https://www.amazon.com/sspa/click?ie=UTF8&spc=MTo0Mjc2ODQ0MTA4MjkyODg4OjE2ODkwNTA3MTY6c3BfbXRmOjIwMDE3OTUwMDgzNjQ5ODo6MDo6&url=%2FRefillable-Atomizer-Container-Fragrance-Traveling%2Fdp%2FB09NXVJ25C%2Fref%3Dsr_1_13_sspa%3Fkeywords%3Dperfume%26qid%3D1689050716%26s%3Dbeauty-intl-ship%26sr%3D1-13-spons%26sp_csd%3Dd2lkZ2V0TmFtZT1zcF9tdGY%26psc%3D1%26smid%3DA3UD1HW83573WA,https://m.media-amazon.com/images/I/51kfbGJZM4L.__AC_SX300_SY300_QL70_ML2_.jpg,perfume,1913.3310000000001,amazon
"Duradry AM Deodorant & Antiperspirant - Prescription Strength Deodorant for Hyperhidrosis, Antiperspirant for Women & Men, Armpit Sweat Protection, Silicone-free - Barca, 2.3 Oz (Pack of 3)",$34.99,3.9 out of 5 stars,"2,126 ratings",In Stock,https://www.amazon.com/sspa/click?ie=UTF8&spc=MTo0Mjc2ODQ0MTA4MjkyODg4OjE2ODkwNTA3MTY6c3BfbXRmOjIwMDA2NzU2NTY3MjA5ODo6MDo6&url=%2FDuradry-Antiperspirant-Deodorant-Prescription-Prevention%2Fdp%2FB094DSYCVR%2Fref%3Dsr_1_14_sspa%3Fkeywords%3Dperfume%26qid%3D1689050716%26s%3Dbeauty-intl-ship%26sr%3D1-14-spons%26sp_csd%3Dd2lkZ2V0TmFtZT1zcF9tdGY%26psc%3D1,https://m.media-amazon.com/images/I/41rGddfotfL._SX300_SY300_QL70_ML2_.jpg,perfume,1059.891,amazon
Daixers 5Pcs Perfume Travel Bottle Refillable Portable Perfume Atomizer Bottles 5ml/0.2oz (Black),$9.99,4.3 out of 5 stars,47 ratings,In Stock,https://www.amazon.com/sspa/click?ie=UTF8&spc=MTo0Mjc2ODQ0MTA4MjkyODg4OjE2ODkwNTA3MTY6c3BfbXRmOjIwMDA5ODM0NDQ3MjQ5ODo6MDo6&url=%2FDaixers-Perfume-Refillable-Portable-Atomizer%2Fdp%2FB0BG7FD55K%2Fref%3Dsr_1_15_sspa%3Fkeywords%3Dperfume%26qid%3D1689050716%26s%3Dbeauty-intl-ship%26sr%3D1-15-spons%26sp_csd%3Dd2lkZ2V0TmFtZT1zcF9tdGY%26psc%3D1,https://m.media-amazon.com/images/I/617uBNZjuCL.__AC_SX300_SY300_QL70_ML2_.jpg,perfume,22.931,amazon
"Flowerbomb by Viktor & Rolf for Women, Eau de Parfum, Orchid, 3.4 Ounce Spray",$94.86,4.7 out of 5 stars,"3,496 ratings",In Stock,https://www.amazon.com/Flowerbomb-Viktor-Rolf-Women-Parfum/dp/B000P20U7G/ref=sr_1_16?keywords=perfume&qid=1689050716&s=beauty-intl-ship&sr=1-16,https://m.media-amazon.com/images/I/41-FLoPdgtL._SX300_SY300_QL70_ML2_.jpg,perfume,1738.984,amazon
"Swiss Arabian Jamila - Luxury Products From Dubai - Long Lasting And Addictive Personal Perfume Oil Fragrance - A Seductive, Signature Aroma - The Luxurious Scent Of Arabia - 0.5 Oz",$20.28,4.2 out of 5 stars,"2,141 ratings",In Stock,https://www.amazon.com/SWISS-ARABIAN-Jamila-Women-Concentrated/dp/B076CR2S5C/ref=sr_1_17?keywords=perfume&qid=1689050716&s=beauty-intl-ship&sr=1-17,https://m.media-amazon.com/images/I/41rAuvtaatL._SX300_SY300_QL70_ML2_.jpg,perfume,1068.892,amazon
"13 Moons Love Potion Number 7 Pheromone Infused Perfume Roll-on Oil, Strong Attraction Unisex Pheromones…",$19.95,3.9 out of 5 stars,96 ratings,In Stock,https://www.amazon.com/Pheromone-Infused-Perfume-Attraction-Pheromones/dp/B0B12ZNNHK/ref=sr_1_18?keywords=perfume&qid=1689050716&s=beauty-intl-ship&sr=1-18,https://m.media-amazon.com/images/I/3135ZDSrndL._SX300_SY300_QL70_ML2_.jpg,perfume,46.395,amazon
Egyptian Goddess 1/3oz Auric Blends perfume,$11.99,4.2 out of 5 stars,"2,090 ratings",In Stock,https://www.amazon.com/Egyptian-Goddess-Auric-Blends-perfume/dp/B00NVYPZCU/ref=sr_1_20?keywords=perfume&qid=1689050716&s=beauty-intl-ship&sr=1-20,https://m.media-amazon.com/images/I/41eG7rZM5BL._SX300_SY300_QL70_ML2_.jpg,perfume,1044.221,amazon
"Baicai Gold Concentrated Perfume Oil, Gold Perfume Oil, Arabian Perfume for Women, Retro Perfume Essential Oil Perfume Gift 35ML",$19.99,2.1 out of 5 stars,14 ratings,Only 1 left in stock - order soon,https://www.amazon.com/Baicai-Concentrated-Perfume-Arabian-Essential/dp/B0C6XXXVPP/ref=sr_1_21?keywords=perfume&qid=1689050716&s=beauty-intl-ship&sr=1-21,https://m.media-amazon.com/images/I/51i5TsdZXLL._SX300_SY300_QL70_ML2_.jpg,perfume,5.211,amazon
"Blossom Roll on Rollerball Perfume Oil with Natural Ingredients + Essential Oils, Infused with Real Flowers, Made in USA, 0.20 fl. oz./5.9 ml, (Jasmine, Tulips, Oibanum, Pink Pepper), Classic Honey Jasmine",$9.00,4.0 out of 5 stars,"1,887 ratings",In Stock,https://www.amazon.com/Blossom-Roll-Perfume-Scent-Jasmine/dp/B071H9QRP6/ref=sr_1_23?keywords=perfume&qid=1689050716&s=beauty-intl-ship&sr=1-23,https://m.media-amazon.com/images/I/31RJLU22nTL._SX300_SY300_QL70_ML2_.jpg,perfume,943.0,amazon
Dove Care Between Washes Hair Perfume Hair Fragrance For Sweat and Odors Go Active Hair Product for 24 Hour Protection 1.7 oz,$15.99,4.2 out of 5 stars,173 ratings,Only 6 left in stock - order soon,https://www.amazon.com/Between-Perfume-Fragrance-Product-Protection/dp/B084DHQRM6/ref=sr_1_25?keywords=perfume&qid=1689050716&s=beauty-intl-ship&sr=1-25,https://m.media-amazon.com/images/I/31agO1F4g8L._SX300_SY300_QL70_ML2_.jpg,perfume,85.321,amazon
"Demeter Pistachio Ice Cream  Roll On Perfume Oil Fragrance Library, 0.33 Oz, Long-Lasting",$13.90,3.9 out of 5 stars,451 ratings,Only 16 left in stock - order soon,https://www.amazon.com/Demeter-Pistachio-Perfume-Fragrance-Library/dp/B018YM63ZQ/ref=sr_1_26?keywords=perfume&qid=1689050716&s=beauty-intl-ship&sr=1-26,https://m.media-amazon.com/images/I/21HqOXNfvML._SX300_SY300_QL70_ML2_.jpg,perfume,224.5,amazon
Pure Instinct Roll-On - The Original Pheromone Infused Essential Oil Perfume Cologne - Unisex For Men and Women - TSA Ready,$16.95,3.9 out of 5 stars,"74,217 ratings",In Stock,https://www.amazon.com/Pure-Instinct-Pheromone-Bodycare-BeautyCare/dp/B00EJDG7XI/ref=sr_1_27?keywords=perfume&qid=1689050716&s=beauty-intl-ship&sr=1-27,https://m.media-amazon.com/images/I/31bd+EDqjVL._SY300_SX300_.jpg,perfume,37107.195,amazon
Wresty 10 Pcs Blask Glass Spray Bottle 10ml Perfume Atomizer Refillable Travel Fine Mist Spray Bottle Liquid Fragrance Sample Atomizer Spray Bottles,$11.99,4.0 out of 5 stars,14 ratings,Only 10 left in stock - order soon,https://www.amazon.com/sspa/click?ie=UTF8&spc=MTo0Mjc2ODQ0MTA4MjkyODg4OjE2ODkwNTA3MTY6c3BfYnRmOjIwMDAzODQ4NTE5MDk5ODo6MDo6&url=%2FPerfume-Atomizer-Refillable-Fragrance-Bottles%2Fdp%2FB09CL4KTVB%2Fref%3Dsr_1_28_sspa%3Fkeywords%3Dperfume%26qid%3D1689050716%26s%3Dbeauty-intl-ship%26sr%3D1-28-spons%26sp_csd%3Dd2lkZ2V0TmFtZT1zcF9idGY%26psc%3D1,https://m.media-amazon.com/images/I/513Kc5wd+pL._AC_SY300_SX300_.jpg,perfume,6.2010000000000005,amazon
"Travel perfume bottle refillable-mini perfume refillable bottle-perfume travel refillable-travel perfume atomizer refillable-Suitable for travel, vacation, camping, business trip.（5ml）(PTA-black)",$10.00,4.9 out of 5 stars,38 ratings,Only 9 left in stock - order soon,https://www.amazon.com/sspa/click?ie=UTF8&spc=MTo0Mjc2ODQ0MTA4MjkyODg4OjE2ODkwNTA3MTY6c3BfYnRmOjIwMDE2NDY1NzE1MDU5ODo6MDo6&url=%2Frefillable-mini-refillable-bottle-perfume-refillable-travel-refillable-Suitable_sspa%2Fdp%2FB0B9NB28RG%2Fref%3Dsr_1_29%3Fkeywords%3Dperfume%26qid%3D1689050716%26s%3Dbeauty-intl-ship%26sr%3D1-29-spons%26sp_csd%3Dd2lkZ2V0TmFtZT1zcF9idGY%26psc%3D1,https://m.media-amazon.com/images/I/51GCpgLEkXL.__AC_SX300_SY300_QL70_ML2_.jpg,perfume,18.49,amazon
Kewjug Refillable Mini Perfume Atomizer Bottle，Portable Separate Bottles，Travel and Outings Spray Boxes Dispensers 5ml/0.2oz (Black),$3.99,3.9 out of 5 stars,269 ratings,In Stock,https://www.amazon.com/sspa/click?ie=UTF8&spc=MTo0Mjc2ODQ0MTA4MjkyODg4OjE2ODkwNTA3MTY6c3BfYnRmOjIwMDEzNTY3MDU1NzA5ODo6MDo6&url=%2FKewjug-Refillable-Bottle%25EF%25BC%258CPortable-Bottles%25EF%25BC%258CTravel-Dispensers%2Fdp%2FB0BWQN1RJF%2Fref%3Dsr_1_31_sspa%3Fkeywords%3Dperfume%26qid%3D1689050716%26s%3Dbeauty-intl-ship%26sr%3D1-31-spons%26sp_csd%3Dd2lkZ2V0TmFtZT1zcF9idGY%26psc%3D1,https://m.media-amazon.com/images/I/511Afo3cjVL.__AC_SX300_SY300_QL70_ML2_.jpg,perfume,134.49099999999999,amazon
RawChemistry Bliss Pheromone Perfume for Women - Attraction for Men 1oz.,$29.90,3.7 out of 5 stars,372 ratings,In Stock,https://www.amazon.com/sspa/click?ie=UTF8&spc=MTo0Mjc2ODQ0MTA4MjkyODg4OjE2ODkwNTA3MTY6c3BfYnRmOjIwMDA5NzEzNDU5NDY5ODo6MDo6&url=%2FRawChemistry-Bliss-Pheromone-Perfume-Women%2Fdp%2FB0B98QZNZV%2Fref%3Dsr_1_32_sspa%3Fkeywords%3Dperfume%26qid%3D1689050716%26s%3Dbeauty-intl-ship%26sr%3D1-32-spons%26sp_csd%3Dd2lkZ2V0TmFtZT1zcF9idGY%26psc%3D1,https://m.media-amazon.com/images/I/316JpFEPaCL._SY300_SX300_QL70_ML2_.jpg,perfume,183.38,amazon
Beetoo 12ML 6 Colors Portable Mini Travel Perfume Bottle Atomizer Refillable Empty Spray Bottle for Women & Men Spray Scent Aftershave,$13.88,4.2 out of 5 stars,62 ratings,Only 11 left in stock - order soon,https://www.amazon.com/sspa/click?ie=UTF8&spc=MTo0Mjc2ODQ0MTA4MjkyODg4OjE2ODkwNTA3MTY6c3BfYnRmOjIwMDA0MjU1MzA1MTg5ODo6MDo6&url=%2FBeeToo-Portable-Atomizer-Refillable-Aftershave%2Fdp%2FB0822WRY6B%2Fref%3Dsr_1_33_sspa%3Fkeywords%3Dperfume%26qid%3D1689050716%26s%3Dbeauty-intl-ship%26sr%3D1-33-spons%26sp_csd%3Dd2lkZ2V0TmFtZT1zcF9idGY%26psc%3D1,https://m.media-amazon.com/images/I/61QqS4WjqwL.__AC_SX300_SY300_QL70_ML2_.jpg,perfume,30.032,amazon
"Swiss Arabian Layali - Luxury Products From Dubai - Long Lasting And Addictive Personal Perfume Oil Fragrance - A Seductive, Signature Aroma - The Luxurious Scent Of Arabia - 0.5 Oz",$23.00,4.2 out of 5 stars,"6,764 ratings",In Stock,https://www.amazon.com/SWISS-ARABIAN-Layali-Addictive-Fragrance/dp/B076CQLF5Z/ref=sr_1_1?keywords=perfume&qid=1689050821&s=beauty-intl-ship&sr=1-1,https://m.media-amazon.com/images/I/411QjZ0WSSL._SX300_SY300_QL70_ML2_.jpg,perfume,3380.12,amazon
"Swiss Arabian Layali - Luxury Products From Dubai - Long Lasting And Addictive Personal Perfume Oil Fragrance - A Seductive, Signature Aroma - The Luxurious Scent Of Arabia - 0.5 Oz",$23.00,4.2 out of 5 stars,"6,764 ratings",In Stock,https://www.amazon.com/SWISS-ARABIAN-Layali-Addictive-Fragrance/dp/B076CQLF5Z/ref=sr_1_1?keywords=perfume&qid=1689050716&s=beauty-intl-ship&sr=1-1,https://m.media-amazon.com/images/I/411QjZ0WSSL._SX300_SY300_QL70_ML2_.jpg,perfume,3380.12,amazon
"Pacifica Beauty, Island Vanilla Hair Perfume & Body Mist, Best Warm Vanilla Scent, Natural + Essential Oils, Alcohol Free, 100% Vegan and Cruelty Free, Clean Fragrance",$8.40,4.2 out of 5 stars,"15,163 ratings",In Stock,https://www.amazon.com/Pacifica-Beauty-Island-Vanilla-Perfumed/dp/B072KXYGT2/ref=sr_1_2?keywords=perfume&qid=1689050716&s=beauty-intl-ship&sr=1-2,https://m.media-amazon.com/images/I/31kHwyxY3uL._SX300_SY300_QL70_ML2_.jpg,perfume,7581.08,amazon
"HUIBAO Gold Arabian Concentrated Perfume Oil, Arabic Perfume for Women, Arabian Perfume Oil- Long Lasting A Seductive Perfume Oil (12ml)",$18.88,4.0 out of 5 stars,73 ratings,Only 9 left in stock - order soon,https://www.amazon.com/HUIBAO-Arabian-Concentrated-Perfume-Seductive/dp/B0C77X1888/ref=sr_1_3?keywords=perfume&qid=1689050716&s=beauty-intl-ship&sr=1-3,https://m.media-amazon.com/images/I/51yODTVPdRL._SX300_SY300_QL70_ML2_.jpg,perfume,35.012,amazon
Pure Instinct CRAVE Roll-On The Original Pheromone Infused Essential Oil Perfume Cologne – For Her - TSA Ready 0.34 fl oz,$17.95,4.0 out of 5 stars,"13,447 ratings",In Stock,https://www.amazon.com/Pure-Instinct-Original-Pheromone-Essential/dp/B096LB7G9L/ref=sr_1_4?keywords=perfume&qid=1689050716&s=beauty-intl-ship&sr=1-4,https://m.media-amazon.com/images/I/3194gfckRAL._SX300_SY300_QL70_ML2_.jpg,perfume,6722.105,amazon
"Vingtank 2Pcs Pheromone Perfume for Women,Long Lasting Pheromone Perfume,Pheromone Unisex Perfume Oil Roll On",$18.90,3.1 out of 5 stars,19 ratings,In Stock,https://www.amazon.com/Vingtank-Pheromone-Perfume-Lasting-Unisex/dp/B0BZV13MTV/ref=sr_1_5?keywords=perfume&qid=1689050716&s=beauty-intl-ship&sr=1-5,https://m.media-amazon.com/images/I/41tc5jSZ-NL._SX300_SY300_QL70_ML2_.jpg,perfume,7.92,amazon
"2pc Lunex Ferro Perfume, Ferromont Roll-on Perfume for Women, P_h_e romone Perfume for Women, Ferromont Perfume Oil, Travel Perfume Long Wear, Perfume for Men and Women (Miss)",$17.99,2.8 out of 5 stars,9 ratings,In Stock,https://www.amazon.com/Lunex-Perfume-Ferromont-romone-Travel/dp/B0C85268M6/ref=sr_1_6?keywords=perfume&qid=1689050716&s=beauty-intl-ship&sr=1-6,https://m.media-amazon.com/images/I/41pkziPag4L._SX300_SY300_QL70_ML2_.jpg,perfume,2.981,amazon
"PIRETTE Mini Fragrance Oil, Women’s Beach Inspired Perfume Oil, Notes of Fresh Coconut, Surf Wax & Sunscreen, 0.25 Fl Oz",$28.00,4.3 out of 5 stars,616 ratings,In Stock,https://www.amazon.com/PIRETTE-Fragrance-Inspired-Perfume-Sunscreen/dp/B0BJRWF73Y/ref=sr_1_7?keywords=perfume&qid=1689050716&s=beauty-intl-ship&sr=1-7,https://m.media-amazon.com/images/I/31PY6qxP6oL._SX300_SY300_QL70_ML2_.jpg,perfume,305.63,amazon
"2Pcs Lunex Phero Perfume, Verola Perfume for Women, Phero Perfume for Women, Portable Perfume Long Lasting Female",$16.99,3.3 out of 5 stars,80 ratings,In Stock,https://www.amazon.com/Perfume-Verola-Portable-Lasting-Female/dp/B0BWXMW5JK/ref=sr_1_8?keywords=perfume&qid=1689050716&s=beauty-intl-ship&sr=1-8,https://m.media-amazon.com/images/I/41xhxt9HFyL._SX300_SY300_QL70_ML2_.jpg,perfume,38.631,amazon
Bath and Body Works CHAMPAGNE TOAST Fine Fragrance Mist - NEW LOOKS 2022 - PACK OF 2 ( FULL SIZE MIST 8FL OZ / 236 ML ),$33.42,5.0 out of 5 stars,6 ratings,Only 5 left in stock - order soon,https://www.amazon.com/Bath-Body-Works-CHAMPAGNE-Fragrance/dp/B09XT4QB6P/ref=sr_1_10?keywords=perfume&qid=1689050716&s=beauty-intl-ship&sr=1-10,https://m.media-amazon.com/images/I/41FMAVGSVIL._SX300_SY300_QL70_ML2_.jpg,perfume,0.15799999999999947,amazon
"ROSARDEN Travel Mini perfume Refillable Atomizer Container, Portable, Travel Size, Scent Pump Case, Fragrance Empty spray bottle for Traveling and Outgoing 5ml (2Pcs)",$5.99,4.3 out of 5 stars,"3,827 ratings",In Stock,https://www.amazon.com/sspa/click?ie=UTF8&spc=MTo0Mjc2ODQ0MTA4MjkyODg4OjE2ODkwNTA3MTY6c3BfbXRmOjIwMDE3OTUwMDgzNjQ5ODo6MDo6&url=%2FRefillable-Atomizer-Container-Fragrance-Traveling%2Fdp%2FB09NXVJ25C%2Fref%3Dsr_1_13_sspa%3Fkeywords%3Dperfume%26qid%3D1689050716%26s%3Dbeauty-intl-ship%26sr%3D1-13-spons%26sp_csd%3Dd2lkZ2V0TmFtZT1zcF9tdGY%26psc%3D1%26smid%3DA3UD1HW83573WA,https://m.media-amazon.com/images/I/51kfbGJZM4L.__AC_SX300_SY300_QL70_ML2_.jpg,perfume,1913.3310000000001,amazon
"Duradry AM Deodorant & Antiperspirant - Prescription Strength Deodorant for Hyperhidrosis, Antiperspirant for Women & Men, Armpit Sweat Protection, Silicone-free - Barca, 2.3 Oz (Pack of 3)",$34.99,3.9 out of 5 stars,"2,126 ratings",In Stock,https://www.amazon.com/sspa/click?ie=UTF8&spc=MTo0Mjc2ODQ0MTA4MjkyODg4OjE2ODkwNTA3MTY6c3BfbXRmOjIwMDA2NzU2NTY3MjA5ODo6MDo6&url=%2FDuradry-Antiperspirant-Deodorant-Prescription-Prevention%2Fdp%2FB094DSYCVR%2Fref%3Dsr_1_14_sspa%3Fkeywords%3Dperfume%26qid%3D1689050716%26s%3Dbeauty-intl-ship%26sr%3D1-14-spons%26sp_csd%3Dd2lkZ2V0TmFtZT1zcF9tdGY%26psc%3D1,https://m.media-amazon.com/images/I/41rGddfotfL._SX300_SY300_QL70_ML2_.jpg,perfume,1059.891,amazon
Daixers 5Pcs Perfume Travel Bottle Refillable Portable Perfume Atomizer Bottles 5ml/0.2oz (Black),$9.99,4.3 out of 5 stars,47 ratings,In Stock,https://www.amazon.com/sspa/click?ie=UTF8&spc=MTo0Mjc2ODQ0MTA4MjkyODg4OjE2ODkwNTA3MTY6c3BfbXRmOjIwMDA5ODM0NDQ3MjQ5ODo6MDo6&url=%2FDaixers-Perfume-Refillable-Portable-Atomizer%2Fdp%2FB0BG7FD55K%2Fref%3Dsr_1_15_sspa%3Fkeywords%3Dperfume%26qid%3D1689050716%26s%3Dbeauty-intl-ship%26sr%3D1-15-spons%26sp_csd%3Dd2lkZ2V0TmFtZT1zcF9tdGY%26psc%3D1,https://m.media-amazon.com/images/I/617uBNZjuCL.__AC_SX300_SY300_QL70_ML2_.jpg,perfume,22.931,amazon
"Flowerbomb by Viktor & Rolf for Women, Eau de Parfum, Orchid, 3.4 Ounce Spray",$94.86,4.7 out of 5 stars,"3,496 ratings",In Stock,https://www.amazon.com/Flowerbomb-Viktor-Rolf-Women-Parfum/dp/B000P20U7G/ref=sr_1_16?keywords=perfume&qid=1689050716&s=beauty-intl-ship&sr=1-16,https://m.media-amazon.com/images/I/41-FLoPdgtL._SX300_SY300_QL70_ML2_.jpg,perfume,1738.984,amazon
"Swiss Arabian Jamila - Luxury Products From Dubai - Long Lasting And Addictive Personal Perfume Oil Fragrance - A Seductive, Signature Aroma - The Luxurious Scent Of Arabia - 0.5 Oz",$20.28,4.2 out of 5 stars,"2,141 ratings",In Stock,https://www.amazon.com/SWISS-ARABIAN-Jamila-Women-Concentrated/dp/B076CR2S5C/ref=sr_1_17?keywords=perfume&qid=1689050716&s=beauty-intl-ship&sr=1-17,https://m.media-amazon.com/images/I/41rAuvtaatL._SX300_SY300_QL70_ML2_.jpg,perfume,1068.892,amazon
"13 Moons Love Potion Number 7 Pheromone Infused Perfume Roll-on Oil, Strong Attraction Unisex Pheromones…",$19.95,3.9 out of 5 stars,96 ratings,In Stock,https://www.amazon.com/Pheromone-Infused-Perfume-Attraction-Pheromones/dp/B0B12ZNNHK/ref=sr_1_18?keywords=perfume&qid=1689050716&s=beauty-intl-ship&sr=1-18,https://m.media-amazon.com/images/I/3135ZDSrndL._SX300_SY300_QL70_ML2_.jpg,perfume,46.395,amazon
Egyptian Goddess 1/3oz Auric Blends perfume,$11.99,4.2 out of 5 stars,"2,090 ratings",In Stock,https://www.amazon.com/Egyptian-Goddess-Auric-Blends-perfume/dp/B00NVYPZCU/ref=sr_1_20?keywords=perfume&qid=1689050716&s=beauty-intl-ship&sr=1-20,https://m.media-amazon.com/images/I/41eG7rZM5BL._SX300_SY300_QL70_ML2_.jpg,perfume,1044.221,amazon
"Baicai Gold Concentrated Perfume Oil, Gold Perfume Oil, Arabian Perfume for Women, Retro Perfume Essential Oil Perfume Gift 35ML",$19.99,2.1 out of 5 stars,14 ratings,Only 1 left in stock - order soon,https://www.amazon.com/Baicai-Concentrated-Perfume-Arabian-Essential/dp/B0C6XXXVPP/ref=sr_1_21?keywords=perfume&qid=1689050716&s=beauty-intl-ship&sr=1-21,https://m.media-amazon.com/images/I/51i5TsdZXLL._SX300_SY300_QL70_ML2_.jpg,perfume,5.211,amazon
"Blossom Roll on Rollerball Perfume Oil with Natural Ingredients + Essential Oils, Infused with Real Flowers, Made in USA, 0.20 fl. oz./5.9 ml, (Jasmine, Tulips, Oibanum, Pink Pepper), Classic Honey Jasmine",$9.00,4.0 out of 5 stars,"1,887 ratings",In Stock,https://www.amazon.com/Blossom-Roll-Perfume-Scent-Jasmine/dp/B071H9QRP6/ref=sr_1_23?keywords=perfume&qid=1689050716&s=beauty-intl-ship&sr=1-23,https://m.media-amazon.com/images/I/31RJLU22nTL._SX300_SY300_QL70_ML2_.jpg,perfume,943.0,amazon
Dove Care Between Washes Hair Perfume Hair Fragrance For Sweat and Odors Go Active Hair Product for 24 Hour Protection 1.7 oz,$15.99,4.2 out of 5 stars,173 ratings,Only 6 left in stock - order soon,https://www.amazon.com/Between-Perfume-Fragrance-Product-Protection/dp/B084DHQRM6/ref=sr_1_25?keywords=perfume&qid=1689050716&s=beauty-intl-ship&sr=1-25,https://m.media-amazon.com/images/I/31agO1F4g8L._SX300_SY300_QL70_ML2_.jpg,perfume,85.321,amazon
"Demeter Pistachio Ice Cream  Roll On Perfume Oil Fragrance Library, 0.33 Oz, Long-Lasting",$13.90,3.9 out of 5 stars,451 ratings,Only 16 left in stock - order soon,https://www.amazon.com/Demeter-Pistachio-Perfume-Fragrance-Library/dp/B018YM63ZQ/ref=sr_1_26?keywords=perfume&qid=1689050716&s=beauty-intl-ship&sr=1-26,https://m.media-amazon.com/images/I/21HqOXNfvML._SX300_SY300_QL70_ML2_.jpg,perfume,224.5,amazon
Pure Instinct Roll-On - The Original Pheromone Infused Essential Oil Perfume Cologne - Unisex For Men and Women - TSA Ready,$16.95,3.9 out of 5 stars,"74,217 ratings",In Stock,https://www.amazon.com/Pure-Instinct-Pheromone-Bodycare-BeautyCare/dp/B00EJDG7XI/ref=sr_1_27?keywords=perfume&qid=1689050716&s=beauty-intl-ship&sr=1-27,https://m.media-amazon.com/images/I/31bd+EDqjVL._SY300_SX300_.jpg,perfume,37107.195,amazon
Wresty 10 Pcs Blask Glass Spray Bottle 10ml Perfume Atomizer Refillable Travel Fine Mist Spray Bottle Liquid Fragrance Sample Atomizer Spray Bottles,$11.99,4.0 out of 5 stars,14 ratings,Only 10 left in stock - order soon,https://www.amazon.com/sspa/click?ie=UTF8&spc=MTo0Mjc2ODQ0MTA4MjkyODg4OjE2ODkwNTA3MTY6c3BfYnRmOjIwMDAzODQ4NTE5MDk5ODo6MDo6&url=%2FPerfume-Atomizer-Refillable-Fragrance-Bottles%2Fdp%2FB09CL4KTVB%2Fref%3Dsr_1_28_sspa%3Fkeywords%3Dperfume%26qid%3D1689050716%26s%3Dbeauty-intl-ship%26sr%3D1-28-spons%26sp_csd%3Dd2lkZ2V0TmFtZT1zcF9idGY%26psc%3D1,https://m.media-amazon.com/images/I/513Kc5wd+pL._AC_SY300_SX300_.jpg,perfume,6.2010000000000005,amazon
"Travel perfume bottle refillable-mini perfume refillable bottle-perfume travel refillable-travel perfume atomizer refillable-Suitable for travel, vacation, camping, business trip.（5ml）(PTA-black)",$10.00,4.9 out of 5 stars,38 ratings,Only 9 left in stock - order soon,https://www.amazon.com/sspa/click?ie=UTF8&spc=MTo0Mjc2ODQ0MTA4MjkyODg4OjE2ODkwNTA3MTY6c3BfYnRmOjIwMDE2NDY1NzE1MDU5ODo6MDo6&url=%2Frefillable-mini-refillable-bottle-perfume-refillable-travel-refillable-Suitable_sspa%2Fdp%2FB0B9NB28RG%2Fref%3Dsr_1_29%3Fkeywords%3Dperfume%26qid%3D1689050716%26s%3Dbeauty-intl-ship%26sr%3D1-29-spons%26sp_csd%3Dd2lkZ2V0TmFtZT1zcF9idGY%26psc%3D1,https://m.media-amazon.com/images/I/51GCpgLEkXL.__AC_SX300_SY300_QL70_ML2_.jpg,perfume,18.49,amazon
Kewjug Refillable Mini Perfume Atomizer Bottle，Portable Separate Bottles，Travel and Outings Spray Boxes Dispensers 5ml/0.2oz (Black),$3.99,3.9 out of 5 stars,269 ratings,In Stock,https://www.amazon.com/sspa/click?ie=UTF8&spc=MTo0Mjc2ODQ0MTA4MjkyODg4OjE2ODkwNTA3MTY6c3BfYnRmOjIwMDEzNTY3MDU1NzA5ODo6MDo6&url=%2FKewjug-Refillable-Bottle%25EF%25BC%258CPortable-Bottles%25EF%25BC%258CTravel-Dispensers%2Fdp%2FB0BWQN1RJF%2Fref%3Dsr_1_31_sspa%3Fkeywords%3Dperfume%26qid%3D1689050716%26s%3Dbeauty-intl-ship%26sr%3D1-31-spons%26sp_csd%3Dd2lkZ2V0TmFtZT1zcF9idGY%26psc%3D1,https://m.media-amazon.com/images/I/511Afo3cjVL.__AC_SX300_SY300_QL70_ML2_.jpg,perfume,134.49099999999999,amazon
RawChemistry Bliss Pheromone Perfume for Women - Attraction for Men 1oz.,$29.90,3.7 out of 5 stars,372 ratings,In Stock,https://www.amazon.com/sspa/click?ie=UTF8&spc=MTo0Mjc2ODQ0MTA4MjkyODg4OjE2ODkwNTA3MTY6c3BfYnRmOjIwMDA5NzEzNDU5NDY5ODo6MDo6&url=%2FRawChemistry-Bliss-Pheromone-Perfume-Women%2Fdp%2FB0B98QZNZV%2Fref%3Dsr_1_32_sspa%3Fkeywords%3Dperfume%26qid%3D1689050716%26s%3Dbeauty-intl-ship%26sr%3D1-32-spons%26sp_csd%3Dd2lkZ2V0TmFtZT1zcF9idGY%26psc%3D1,https://m.media-amazon.com/images/I/316JpFEPaCL._SY300_SX300_QL70_ML2_.jpg,perfume,183.38,amazon
Beetoo 12ML 6 Colors Portable Mini Travel Perfume Bottle Atomizer Refillable Empty Spray Bottle for Women & Men Spray Scent Aftershave,$13.88,4.2 out of 5 stars,62 ratings,Only 11 left in stock - order soon,https://www.amazon.com/sspa/click?ie=UTF8&spc=MTo0Mjc2ODQ0MTA4MjkyODg4OjE2ODkwNTA3MTY6c3BfYnRmOjIwMDA0MjU1MzA1MTg5ODo6MDo6&url=%2FBeeToo-Portable-Atomizer-Refillable-Aftershave%2Fdp%2FB0822WRY6B%2Fref%3Dsr_1_33_sspa%3Fkeywords%3Dperfume%26qid%3D1689050716%26s%3Dbeauty-intl-ship%26sr%3D1-33-spons%26sp_csd%3Dd2lkZ2V0TmFtZT1zcF9idGY%26psc%3D1,https://m.media-amazon.com/images/I/61QqS4WjqwL.__AC_SX300_SY300_QL70_ML2_.jpg,perfume,30.032,amazon
"BLUE LIZARD Sensitive Mineral Sunscreen with Zinc Oxide, SPF 50+, Water Resistant, UVA/UVB Protection with Smart Bottle Technology - Fragrance Free, 5 oz",$13.10,4.7 out of 5 stars,"14,460 ratings",In Stock,https://www.amazon.com/sspa/click?ie=UTF8&spc=MToxMjMwNjQxMzk3NTUzNjU5OjE2ODkwNTEwMzc6c3BfYXRmX25leHQ6MzAwMDExMTcyMzk2OTAyOjowOjo&url=%2FBlue-Lizard-Sensitive-Mineral-Sunscreen%2Fdp%2FB083VY5GVN%2Fref%3Dsr_1_49_sspa%3Fcrid%3DBCICLEMKVXND%26keywords%3Dsunscreen%26qid%3D1689051037%26sprefix%3Dsuns%252Caps%252C533%26sr%3D8-49-spons%26sp_csd%3Dd2lkZ2V0TmFtZT1zcF9hdGZfbmV4dA%26psc%3D1,https://m.media-amazon.com/images/I/41T9UXQDr0L._SX300_SY300_QL70_ML2_.jpg,sunscreen,7229.16,amazon
"BLUE LIZARD Sensitive Mineral Sunscreen with Zinc Oxide 50+ Water Resistant UVAUVB Protection with Smart Cap Technology Fragrance Free, Sensitve, SPF 50 - - Tube, Unscented, 5 Fl Oz",$15.99,4.6 out of 5 stars,"2,670 ratings",In Stock,https://www.amazon.com/sspa/click?ie=UTF8&spc=MToxMjMwNjQxMzk3NTUzNjU5OjE2ODkwNTEwMzc6c3BfYXRmX25leHQ6MjAwMTI4NjAzMDg5Nzk4OjowOjo&url=%2FBlue-Lizard-Sensitive-Mineral-Sunscreen%2Fdp%2FB084ZP848Y%2Fref%3Dsr_1_50_sspa%3Fcrid%3DBCICLEMKVXND%26keywords%3Dsunscreen%26qid%3D1689051037%26sprefix%3Dsuns%252Caps%252C533%26sr%3D8-50-spons%26sp_csd%3Dd2lkZ2V0TmFtZT1zcF9hdGZfbmV4dA%26psc%3D1,https://m.media-amazon.com/images/I/41S5aC1MJBL._SX300_SY300_QL70_ML2_.jpg,sunscreen,1333.861,amazon
"Leader Travel Sunscreen SPF 100+, Ultra Sheer Dry-Touch Water Resistant and Non-Greasy Lotion with Broad Spectrum SPF 100+, 3 Fl Oz (3)",$38.90,4.4 out of 5 stars,72 ratings,Only 13 left in stock - order soon,https://www.amazon.com/sspa/click?ie=UTF8&spc=MToxMjMwNjQxMzk3NTUzNjU5OjE2ODkwNTEwMzc6c3BfYXRmX25leHQ6MjAwMTM5ODE1Mjk5Nzk4OjowOjo&url=%2FLeader-Dry-Touch-Resistant-Non-Greasy-Sunscreen%2Fdp%2FB09527QNLL%2Fref%3Dsr_1_51_sspa%3Fcrid%3DBCICLEMKVXND%26keywords%3Dsunscreen%26qid%3D1689051037%26sprefix%3Dsuns%252Caps%252C533%26sr%3D8-51-spons%26sp_csd%3Dd2lkZ2V0TmFtZT1zcF9hdGZfbmV4dA%26psc%3D1,https://m.media-amazon.com/images/I/61sZ2NKe4nL.__AC_SX300_SY300_QL70_ML2_.jpg,sunscreen,32.55,amazon
"EltaMD UV Sport Body Sunscreen, SPF 50 Sport Sunscreen Lotion, Sweat Resistant and Water Resistant up to 80 Minutes, Formulated with Zinc Oxide, Oil Free, Full Body Sunscreen, 3 oz Tube",$30.00,4.7 out of 5 stars,"11,441 ratings",In Stock,https://www.amazon.com/sspa/click?ie=UTF8&spc=MToxMjMwNjQxMzk3NTUzNjU5OjE2ODkwNTEwMzc6c3BfYXRmX25leHQ6MjAwMDQ0MTMzMTU1OTk4OjowOjo&url=%2FSunscreen-Broad-Spectrum-Water-Resistant-Dermatologist-Recommended-Mineral-Based%2Fdp%2FB008VK3F94%2Fref%3Dsr_1_52_sspa%3Fcrid%3DBCICLEMKVXND%26keywords%3Dsunscreen%26qid%3D1689051037%26sprefix%3Dsuns%252Caps%252C533%26sr%3D8-52-spons%26sp_csd%3Dd2lkZ2V0TmFtZT1zcF9hdGZfbmV4dA%26psc%3D1,https://m.media-amazon.com/images/I/31hS0-Rg4tL._SY445_SX342_QL70_ML2_.jpg,sunscreen,5717.97,amazon
"Trader Joe’s Daily Facial Sunscreen Broad Spectrum SPF 40 Oil Free Invisible Gel Formula Fragrance Free Water Sweat Resistant, 1.70 Fl Oz (Pack of 1)",$17.99,4.6 out of 5 stars,229 ratings,Only 1 left in stock - order soon,https://www.amazon.com/Trader-Joes-Sunscreen-Invisible-Fragrance/dp/B0B5HQ3PYG/ref=sr_1_54?crid=BCICLEMKVXND&keywords=sunscreen&qid=1689051037&sprefix=suns%2Caps%2C533&sr=8-54,https://m.media-amazon.com/images/I/51zLbMuTceL._SX300_SY300_QL70_ML2_.jpg,sunscreen,113.16099999999999,amazon
"ISDIN Eryfotona Actinica Zinc Oxide and 100% Mineral Sunscreen Broad Spectrum SPF 50+, No White Cast, Suitable for Sensitive Skin, 3.4 Fl Oz",$60.00,4.6 out of 5 stars,"3,562 ratings",In Stock,https://www.amazon.com/ISDIN-Eryfotona-Actinica-Mineral-Sunscreen/dp/B07RXS4FQM/ref=sr_1_55?crid=BCICLEMKVXND&keywords=sunscreen&qid=1689051037&sprefix=suns%2Caps%2C533&sr=8-55,https://m.media-amazon.com/images/I/31OWWIx1HbL._SY445_SX342_QL70_ML2_.jpg,sunscreen,1775.46,amazon
"Aveeno Protect + Soothe Mineral Sunscreen Stick for Sensitive Skin with Broad Spectrum SPF 50, Water-Resistant Face & Body Sunscreen with Zinc Oxide & Oat, Fragrance-Free, Travel Size, 1.5 oz",$12.49,4.4 out of 5 stars,"1,374 ratings",In Stock,https://www.amazon.com/Aveeno-Positively-Sensitive-Water-Resistant-Fragrance-Free/dp/B07Z9SYF6N/ref=sr_1_56?crid=BCICLEMKVXND&keywords=sunscreen&qid=1689051037&sprefix=suns%2Caps%2C533&sr=8-56,https://m.media-amazon.com/images/I/41OGhjMgNJL._SX300_SY300_QL70_ML2_.jpg,sunscreen,686.191,amazon
"Amazon Brand - Solimo Sport Sunscreen Lotion, SPF 50, Reef Friendly (Octinoxate & Oxybenzone Free), Broad Spectrum UVA/UVB Protection, 8 Fluid Ounce",$6.49,4.5 out of 5 stars,"6,433 ratings",In Stock,https://www.amazon.com/Amazon-Brand-Sunscreen-Spectrum-Protection/dp/B07WGV6Q45/ref=sr_1_57?crid=BCICLEMKVXND&keywords=sunscreen&qid=1689051037&sprefix=suns%2Caps%2C533&sr=8-57,https://m.media-amazon.com/images/I/71WxAKjhbYL.__AC_SX300_SY300_QL70_ML2_.jpg,sunscreen,3216.301,amazon
"Neutrogena Invisible Daily Defense Sunscreen Lotion, Broad Spectrum SPF 60+, Oxybenzone-Free & Water-Resistant, Sun or Environmental Aggressor Protection, Antioxidant Complex, 3 Fl Oz, 3 Count",$14.99,4.4 out of 5 stars,"1,506 ratings",In Stock,https://www.amazon.com/Neutrogena-Oxybenzone-Free-Water-Resistant-Environmental-Antioxidant/dp/B08HWH65L8/ref=sr_1_58?crid=BCICLEMKVXND&keywords=sunscreen&qid=1689051037&sprefix=suns%2Caps%2C533&sr=8-58,https://m.media-amazon.com/images/I/31Rn-J3iYUL._SX300_SY300_QL70_ML2_.jpg,sunscreen,751.941,amazon
"COSRX Daily SPF 50 Vitamin E Vitalizing Sunscreen, OTC Broad Spectrum UVA & UVB Protection, Lightweight & No White Cast, Invisible Semi Matte Finish, Sebum Balancing, Reef Friendly, Korean Skincare",$17.25,4.4 out of 5 stars,208 ratings,In Stock,https://www.amazon.com/sspa/click?ie=UTF8&spc=MToxMjMwNjQxMzk3NTUzNjU5OjE2ODkwNTEwMzc6c3BfbXRmOjIwMDEzNTM3NzM3OTI5ODo6MDo6&url=%2FCOSRX-Sunscreen-Whitecast-Vitalizing-Protection%2Fdp%2FB09ZY7468X%2Fref%3Dsr_1_59_sspa%3Fcrid%3DBCICLEMKVXND%26keywords%3Dsunscreen%26qid%3D1689051037%26sprefix%3Dsuns%252Caps%252C533%26sr%3D8-59-spons%26sp_csd%3Dd2lkZ2V0TmFtZT1zcF9tdGY%26psc%3D1,https://m.media-amazon.com/images/I/31NWn+HeB5L._SY300_SX300_.jpg,sunscreen,102.715,amazon
"Alba Botanica Sunscreen Lotion, Sport, SPF 45, Fragrance Free, 4 Oz (Packaging May Vary)",$6.59,4.6 out of 5 stars,919 ratings,In Stock,https://www.amazon.com/sspa/click?ie=UTF8&spc=MToxMjMwNjQxMzk3NTUzNjU5OjE2ODkwNTEwMzc6c3BfbXRmOjIwMDE2NTY3ODQ3MzY5ODo6MDo6&url=%2FAlba-Botanica-Emollient-Sport-Sunscreen%2Fdp%2FB00AJIXZZ0%2Fref%3Dsr_1_60_sspa%3Fcrid%3DBCICLEMKVXND%26keywords%3Dsunscreen%26qid%3D1689051037%26sprefix%3Dsuns%252Caps%252C533%26sr%3D8-60-spons%26sp_csd%3Dd2lkZ2V0TmFtZT1zcF9tdGY%26psc%3D1,https://m.media-amazon.com/images/I/41Mucz2GMrL._SX300_SY300_QL70_ML2_.jpg,sunscreen,459.301,amazon
Bliss Block Star Tinted Face Sunscreen SPF 30-1.4 fl oz. - 100% Mineral Broad Spectrum Sunscreen With Zinc Oxide & Titanium Dioxide - Non Greasy Invisible finish,$21.90,4.5 out of 5 stars,"1,649 ratings",In Stock,https://www.amazon.com/sspa/click?ie=UTF8&spc=MToxMjMwNjQxMzk3NTUzNjU5OjE2ODkwNTEwMzc6c3BfbXRmOjIwMDE0OTUyMDc5Mjk5ODo6MDo6&url=%2FBliss-Sunscreen-Mineral-Non-Greasy-Non-Irritating%2Fdp%2FB092LFGWW6%2Fref%3Dsr_1_61_sspa%3Fcrid%3DBCICLEMKVXND%26keywords%3Dsunscreen%26qid%3D1689051037%26sprefix%3Dsuns%252Caps%252C533%26sr%3D8-61-spons%26sp_csd%3Dd2lkZ2V0TmFtZT1zcF9tdGY%26psc%3D1,https://m.media-amazon.com/images/I/310YckI8J1L._SX300_SY300_QL70_ML2_.jpg,sunscreen,822.76,amazon
"Rael Face Moisturizer, Miracle Clear Barrier Cream - Moisturizer Face Cream for Oily and Acne Prone Skin Lightweight, with Succinic Acid, Hydrating Vitamin B5, Vegan, Cruelty Free (1.8 oz)",$11.98,4.3 out of 5 stars,287 ratings,In Stock,https://www.amazon.com/sspa/click?ie=UTF8&spc=MToxMjMwNjQxMzk3NTUzNjU5OjE2ODkwNTEwMzc6c3BfbXRmOjMwMDAwODk2OTYxMDUwMjo6MDo6&url=%2FRael-Miracle-Clear-Barrier-Cream%2Fdp%2FB09KFL42C8%2Fref%3Dsr_1_62_sspa%3Fcrid%3DBCICLEMKVXND%26keywords%3Dsunscreen%26qid%3D1689051037%26sprefix%3Dsuns%252Caps%252C533%26sr%3D8-62-spons%26sp_csd%3Dd2lkZ2V0TmFtZT1zcF9tdGY%26psc%3D1,https://m.media-amazon.com/images/I/31TUh44ZqlL._SX300_SY300_QL70_ML2_.jpg,sunscreen,142.732,amazon
"Thinksport SPF 50+ Mineral Sunscreen – Safe, Natural Sunblock for Sports & Active Use - Water Resistant Sun Cream –UVA/UVB Sun Protection – Vegan, Reef Friendly Sun Lotion, 6oz",$22.99,4.4 out of 5 stars,"3,716 ratings",In Stock,https://www.amazon.com/Thinksport-Sunscreen-SPF-50-Ounce/dp/B00K3JQO9Y/ref=sr_1_63?crid=BCICLEMKVXND&keywords=sunscreen&qid=1689051037&sprefix=suns%2Caps%2C533&sr=8-63,https://m.media-amazon.com/images/I/31C5BTkV2fL._SX300_SY300_QL70_ML2_.jpg,sunscreen,1856.141,amazon
"Thinksport Kids SPF 50+ Mineral Sunscreen – Safe, Natural Sunblock for Children - Water Resistant Sun Cream – Broad Spectrum UVA/UVB Sun Protection – Vegan, Reef Friendly Sun Lotion, 6oz",$17.59,4.7 out of 5 stars,"2,834 ratings",In Stock,https://www.amazon.com/Thinksport-Safe-Sunscreen-Cream-Ounce/dp/B00JZHCJLM/ref=sr_1_65?crid=BCICLEMKVXND&keywords=sunscreen&qid=1689051037&sprefix=suns%2Caps%2C533&sr=8-65,https://m.media-amazon.com/images/I/41kSiwzQTtL._SX300_SY300_QL70_ML2_.jpg,sunscreen,1415.711,amazon
"Banana Boat Sport Ultra SPF 50 Sunscreen Lotion, 128oz | Bulk Sunscreen, Banana Boat Sunscreen SPF 50 Lotion, Oxybenzone Free Sunscreen, Banana Boat Lotion Sunscreen Bulk SPF 50, 128oz",$104.99,4.5 out of 5 stars,294 ratings,In Stock,https://www.amazon.com/Banana-Boat-Performance-Sunscreen-Technology/dp/B074P8BS9B/ref=sr_1_66?crid=BCICLEMKVXND&keywords=sunscreen&qid=1689051037&sprefix=suns%2Caps%2C533&sr=8-66,https://m.media-amazon.com/images/I/31O803XDOmL._SX300_SY300_QL70_ML2_.jpg,sunscreen,136.951,amazon
"Colorescience Total Protection Face Shield Flex SPF 50, 1.8 fl. oz.",$49.00,4.5 out of 5 stars,"2,432 ratings",In Stock,https://www.amazon.com/sspa/click?ie=UTF8&spc=MToxMjMwNjQxMzk3NTUzNjU5OjE2ODkwNTEwMzc6c3BfbXRmOjIwMDA4MDA0NDQ3NDMyMTo6MDo6&url=%2FColorescience-Protection-Shield-Formula-Medium%2Fdp%2FB093W7CDWD%2Fref%3Dsr_1_67_sspa%3Fcrid%3DBCICLEMKVXND%26keywords%3Dsunscreen%26qid%3D1689051037%26sprefix%3Dsuns%252Caps%252C533%26sr%3D8-67-spons%26sp_csd%3Dd2lkZ2V0TmFtZT1zcF9tdGY%26psc%3D1,https://m.media-amazon.com/images/I/41D3Ehu+UXS._SX342_SY445_.jpg,sunscreen,1211.55,amazon
"Brickell Men's Element Defense Moisturizer with SPF45 for Men, Natural & Organic, Zinc SPF45 Sunscreen, Hydrates and Protects Skin Against UVA/UVB Rays, 8 Ounce, Unscented",$28.00,4.6 out of 5 stars,394 ratings,In Stock,https://www.amazon.com/sspa/click?ie=UTF8&spc=MToxMjMwNjQxMzk3NTUzNjU5OjE2ODkwNTEwMzc6c3BfbXRmOjIwMDE3OTczMDk3MzM5ODo6MDo6&url=%2FBrickell-Moisturizer-Sunscreen-Hydrates-Unscented%2Fdp%2FB088C4XFPX%2Fref%3Dsr_1_68_sspa%3Fcrid%3DBCICLEMKVXND%26keywords%3Dsunscreen%26qid%3D1689051037%26sprefix%3Dsuns%252Caps%252C533%26sr%3D8-68-spons%26sp_csd%3Dd2lkZ2V0TmFtZT1zcF9tdGY%26psc%3D1,https://m.media-amazon.com/images/I/3107uyrlNUL._SX300_SY300_QL70_ML2_.jpg,sunscreen,194.66,amazon
"Paula's Choice SKIN RECOVERY Daily Moisturizing Lotion SPF 30 Mineral Sunscreen, 2 Ounce Bottle Moisturizing Sunscreen for Dry and Sensitive Facial Skin",$33.00,4.5 out of 5 stars,436 ratings,In Stock,https://www.amazon.com/sspa/click?ie=UTF8&spc=MToxMjMwNjQxMzk3NTUzNjU5OjE2ODkwNTEwMzc6c3BfbXRmOjIwMDAxMTAxOTA3OTU2MTo6MDo6&url=%2FPaulas-Choice-Moisturizing-Sunscreen-Sensitive%2Fdp%2FB00L5O3DPO%2Fref%3Dsr_1_69_sspa%3Fcrid%3DBCICLEMKVXND%26keywords%3Dsunscreen%26qid%3D1689051037%26sprefix%3Dsuns%252Caps%252C533%26sr%3D8-69-spons%26sp_csd%3Dd2lkZ2V0TmFtZT1zcF9tdGY%26psc%3D1,https://m.media-amazon.com/images/I/31MUE5cr0VL._SX300_SY300_QL70_ML2_.jpg,sunscreen,215.14999999999998,amazon
"Glo Skin Beauty Oil Free SPF 40+ Hyaluronic Acid Infused All Mineral Sunscreen - Protect Against Sun Damage & Aging Environmental Skin Stressors - Weightless, Invisible Finish",$48.00,4.6 out of 5 stars,419 ratings,In Stock,https://www.amazon.com/sspa/click?ie=UTF8&spc=MToxMjMwNjQxMzk3NTUzNjU5OjE2ODkwNTEwMzc6c3BfbXRmOjIwMDEwNDg5Nzg5MTk5ODo6MDo6&url=%2FGlo-Skin-Beauty-Hyaluronic-Sunscreen%2Fdp%2FB0B173C2M1%2Fref%3Dsr_1_70_sspa%3Fcrid%3DBCICLEMKVXND%26keywords%3Dsunscreen%26qid%3D1689051037%26sprefix%3Dsuns%252Caps%252C533%26sr%3D8-70-spons%26sp_csd%3Dd2lkZ2V0TmFtZT1zcF9tdGY%26psc%3D1,https://m.media-amazon.com/images/I/21aOlRXICgL._SX300_SY300_QL70_ML2_.jpg,sunscreen,205.16,amazon
"EVERYDAY HUMANS Oh My Bod! | SPF 50 Ultra Light Face & Body Sunscreen Lotion, 3.4oz | Doesn’t Sting Eyes | Sport Sunblock for Face & Body | Sweat Water Resistant 80 Min | Oxybenzone & Octinoxate Free, Travel Sunscreen, SPF50, 3.4 oz",$15.99,4.5 out of 5 stars,239 ratings,In Stock,https://www.amazon.com/EVERYDAY-HUMANS-Sunscreen-Oxybenzone-Octinoxate/dp/B087KSD2ZD/ref=sr_1_71?crid=BCICLEMKVXND&keywords=sunscreen&qid=1689051037&sprefix=suns%2Caps%2C533&sr=8-71,https://m.media-amazon.com/images/I/41pROcD+g1L._SY300_SX300_.jpg,sunscreen,118.351,amazon
"Sun Zapper Zinc Oxide Mineral Sunscreen Stick (Pink, Blue, Green, Yellow) SPF 50+ Water Resistant for Face & Body, Adults, Kids, 4-Pack Broad Spectrum Sun Block, Made in Australia",$33.99,4.5 out of 5 stars,75 ratings,In Stock,https://www.amazon.com/Sun-Zapper-Green-Yellow-Sticks/dp/B071S5NQQ7/ref=sr_1_72?crid=BCICLEMKVXND&keywords=sunscreen&qid=1689051037&sprefix=suns%2Caps%2C533&sr=8-72,https://m.media-amazon.com/images/I/61HZqi19IsL._SX300_SY300_QL70_ML2_.jpg,sunscreen,34.551,amazon
"Coppertone SPORT Sunscreen SPF 100 Lotion, Water Resistant Sunscreen, Body Travel Size 3 Fl Oz",$8.37,4.6 out of 5 stars,"3,462 ratings",In Stock,https://www.amazon.com/Coppertone-Sunscreen-Lotion-Spectrum-3-Fluid-Ounce/dp/B0173G3AIC/ref=sr_1_73?crid=BCICLEMKVXND&keywords=sunscreen&qid=1689051037&sprefix=suns%2Caps%2C533&sr=8-73,https://m.media-amazon.com/images/I/41GabbDKPoL._SX300_SY300_QL70_ML2_.jpg,sunscreen,1730.623,amazon
"Coppertone SPORT Sunscreen Lotion SPF 50, Water Resistant Sunscreen, Broad Spectrum SPF 50 Sunscreen, Bulk Sunscreen Pack, 7 Fl Oz Bottle, Pack of 3",$29.74,4.7 out of 5 stars,"1,733 ratings",In Stock,https://www.amazon.com/Coppertone-Sunscreen-Spectrum-Multipack-7-Fluid/dp/B078BF2BGP/ref=sr_1_74?crid=BCICLEMKVXND&keywords=sunscreen&qid=1689051037&sprefix=suns%2Caps%2C533&sr=8-74,https://m.media-amazon.com/images/I/512Ze+1BsHS._SY300_SX300_.jpg,sunscreen,863.996,amazon
"EltaMD UV Stick Face and Body Sunscreen, SPF 50+ Face Stick Sunscreen with Zinc Oxide, Water Resistant Up To 80 Minutes, Travel Friendly, TSA Compliant, For Face and Body, No White Cast, 1.3 OZ Stick",$35.00,4.4 out of 5 stars,606 ratings,In Stock,https://www.amazon.com/EltaMD-Sunscreen-Broad-Spectrum-Water-Resistant-Oil-Free/dp/B09HWN3STC/ref=sr_1_75?crid=BCICLEMKVXND&keywords=sunscreen&qid=1689051037&sprefix=suns%2Caps%2C533&sr=8-75,https://m.media-amazon.com/images/I/31mbwJ3R1DL._SY445_SX342_QL70_ML2_.jpg,sunscreen,299.94,amazon
"Neutrogena Beach Defense Water-Resistant Sunscreen Lotion with Broad Spectrum SPF 30, Oil-Free and PABA-Free Oxybenzone-Free Sunscreen Lotion, UVA/UVB Sun Protection, SPF 30, 6.7 fl. oz",$11.49,4.7 out of 5 stars,"2,032 ratings",In Stock,https://www.amazon.com/Neutrogena-Resistant-Sunscreen-Spectrum-Fast-Absorbing/dp/B00AKG404Q/ref=sr_1_76?crid=BCICLEMKVXND&keywords=sunscreen&qid=1689051037&sprefix=suns%2Caps%2C533&sr=8-76,https://m.media-amazon.com/images/I/31Nxc8YaeeL._SX300_SY300_QL70_ML2_.jpg,sunscreen,1015.321,amazon
"Force Shield Superlight Sunscreen SPF 30 from Hero Cosmetics - Everyday SPF 30 for Acne-Prone Skin with Zinc Oxide, Green Surge, and Extremolytes, Fragrance Free and Reef Safe (50 ml)",$19.99,4.4 out of 5 stars,"1,646 ratings",In Stock,https://www.amazon.com/Force-Shield-Superlight-Sunscreen-Cosmetics/dp/B09R4HGZYW/ref=sr_1_77?crid=BCICLEMKVXND&keywords=sunscreen&qid=1689051037&sprefix=suns%2Caps%2C533&sr=8-77,https://m.media-amazon.com/images/I/31fSJDDh+ML._SY300_SX300_.jpg,sunscreen,821.441,amazon
"Aveeno Baby Continuous Protection Zinc Oxide Mineral Sunscreen Lotion for Sensitive Skin, Broad Spectrum SPF 50, Tear-Free, Sweat- & Water-Resistant, Paraben-Free, Travel-Size, 3 fl. oz",$11.97,4.6 out of 5 stars,653 ratings,In Stock,https://www.amazon.com/Aveeno-Continuous-Protection-Water-Resistant-Travel-Size/dp/B07RN6TSKF/ref=sr_1_78?crid=BCICLEMKVXND&keywords=sunscreen&qid=1689051037&sprefix=suns%2Caps%2C533&sr=8-78,https://m.media-amazon.com/images/I/419c0znVR1L._SX300_SY300_QL70_ML2_.jpg,sunscreen,325.763,amazon
NIVEA SUN Protect Super Water Gel SPF 50 PA+++ Pump Type 140g,$15.26,4.6 out of 5 stars,240 ratings,Only 4 left in stock - order soon,https://www.amazon.com/NIVEA-Protect-Super-Water-Pump/dp/B08YPCN6RL/ref=sr_1_79?crid=BCICLEMKVXND&keywords=sunscreen&qid=1689051037&sprefix=suns%2Caps%2C533&sr=8-79,https://m.media-amazon.com/images/I/41AUoFl0QgL._SX300_SY300_QL70_ML2_.jpg,sunscreen,118.934,amazon
"Banana Boat Sport Ultra SPF 65 Sunscreen Lotion, 8oz | Banana Boat Sunscreen SPF 65 Lotion, Oxybenzone Free Sunscreen, Banana Boat Lotion Sunscreen, High SPF Sunscreen SPF 65, 8oz",$12.60,4.7 out of 5 stars,234 ratings,In Stock,https://www.amazon.com/Banana-Boat-Sport-Sunscreen-Lotion/dp/B09GQMZ1Q4/ref=sr_1_80?crid=BCICLEMKVXND&keywords=sunscreen&qid=1689051037&sprefix=suns%2Caps%2C533&sr=8-80,https://m.media-amazon.com/images/I/41R7lm-0ptL._SX300_SY300_QL70_ML2_.jpg,sunscreen,116.21,amazon
"COSRX Daily SPF 50 Vitamin E Vitalizing Sunscreen, OTC Broad Spectrum UVA & UVB Protection, Lightweight & No White Cast, Invisible Semi Matte Finish, Sebum Balancing, Reef Friendly, Korean Skincare",$17.25,4.4 out of 5 stars,208 ratings,In Stock,https://www.amazon.com/COSRX-Sunscreen-Whitecast-Vitalizing-Protection/dp/B09ZY7468X/ref=sr_1_82?crid=BCICLEMKVXND&keywords=sunscreen&qid=1689051037&sprefix=suns%2Caps%2C533&sr=8-82,https://m.media-amazon.com/images/I/31NWn+HeB5L._SY300_SX300_.jpg,sunscreen,102.715,amazon
Shiseido Clear Sunscreen Stick SPF 50+ - Invisible Broad-Spectrum Face Sunscreen - Wear Under & Over Makeup - Lightweight Formula - All Skin Types,$30.00,4.3 out of 5 stars,239 ratings,In Stock,https://www.amazon.com/Shiseido-Ultimate-Protector-Lotion-Broad-Spectrum/dp/B0921KVV27/ref=sr_1_83?crid=BCICLEMKVXND&keywords=sunscreen&qid=1689051037&sprefix=suns%2Caps%2C533&sr=8-83,https://m.media-amazon.com/images/I/31ff-whk0jL._SY445_SX342_QL70_ML2_.jpg,sunscreen,116.93,amazon
"BLUE LIZARD Sensitive Mineral Sunscreen with Zinc Oxide, SPF 50+, Water Resistant, UVA/UVB Protection with Smart Bottle Technology - Fragrance Free, 5 oz",$13.10,4.7 out of 5 stars,"14,460 ratings",In Stock,https://www.amazon.com/sspa/click?ie=UTF8&spc=MToyOTkxNTQ0Nzc2MjQ1MTc0OjE2ODkwNTExNzM6c3BfYXRmX25leHQ6MzAwMDExMTcyMzk2OTAyOjowOjo&url=%2FBlue-Lizard-Sensitive-Mineral-Sunscreen%2Fdp%2FB083VY5GVN%2Fref%3Dsr_1_49_sspa%3Fcrid%3DBCICLEMKVXND%26keywords%3Dsunscreen%26qid%3D1689051173%26sprefix%3Dsuns%252Caps%252C533%26sr%3D8-49-spons%26sp_csd%3Dd2lkZ2V0TmFtZT1zcF9hdGZfbmV4dA%26psc%3D1,https://m.media-amazon.com/images/I/41T9UXQDr0L._SX300_SY300_QL70_ML2_.jpg,sunscreen,7229.16,amazon
"BLUE LIZARD Sensitive Mineral Sunscreen with Zinc Oxide 50+ Water Resistant UVAUVB Protection with Smart Cap Technology Fragrance Free, Sensitve, SPF 50 - - Tube, Unscented, 5 Fl Oz",$15.99,4.6 out of 5 stars,"2,670 ratings",In Stock,https://www.amazon.com/sspa/click?ie=UTF8&spc=MToyOTkxNTQ0Nzc2MjQ1MTc0OjE2ODkwNTExNzM6c3BfYXRmX25leHQ6MjAwMTI4NjAzMDg5Nzk4OjowOjo&url=%2FBlue-Lizard-Sensitive-Mineral-Sunscreen%2Fdp%2FB084ZP848Y%2Fref%3Dsr_1_50_sspa%3Fcrid%3DBCICLEMKVXND%26keywords%3Dsunscreen%26qid%3D1689051173%26sprefix%3Dsuns%252Caps%252C533%26sr%3D8-50-spons%26sp_csd%3Dd2lkZ2V0TmFtZT1zcF9hdGZfbmV4dA%26psc%3D1,https://m.media-amazon.com/images/I/41S5aC1MJBL._SX300_SY300_QL70_ML2_.jpg,sunscreen,1333.861,amazon
"COSRX Daily SPF 50 Vitamin E Vitalizing Sunscreen, OTC Broad Spectrum UVA & UVB Protection, Lightweight & No White Cast, Invisible Semi Matte Finish, Sebum Balancing, Reef Friendly, Korean Skincare",$17.25,4.4 out of 5 stars,208 ratings,In Stock,https://www.amazon.com/sspa/click?ie=UTF8&spc=MToyOTkxNTQ0Nzc2MjQ1MTc0OjE2ODkwNTExNzM6c3BfYXRmX25leHQ6MjAwMTM1Mzc3Mzc5Mjk4OjowOjo&url=%2FCOSRX-Sunscreen-Whitecast-Vitalizing-Protection%2Fdp%2FB09ZY7468X%2Fref%3Dsr_1_51_sspa%3Fcrid%3DBCICLEMKVXND%26keywords%3Dsunscreen%26qid%3D1689051173%26sprefix%3Dsuns%252Caps%252C533%26sr%3D8-51-spons%26sp_csd%3Dd2lkZ2V0TmFtZT1zcF9hdGZfbmV4dA%26psc%3D1,https://m.media-amazon.com/images/I/31NWn+HeB5L._SY300_SX300_.jpg,sunscreen,102.715,amazon
"Leader Travel Sunscreen SPF 100+, Ultra Sheer Dry-Touch Water Resistant and Non-Greasy Lotion with Broad Spectrum SPF 100+, 3 Fl Oz (3)",$38.90,4.4 out of 5 stars,72 ratings,Only 13 left in stock - order soon,https://www.amazon.com/sspa/click?ie=UTF8&spc=MToyOTkxNTQ0Nzc2MjQ1MTc0OjE2ODkwNTExNzM6c3BfYXRmX25leHQ6MjAwMTM5ODE1Mjk5Nzk4OjowOjo&url=%2FLeader-Dry-Touch-Resistant-Non-Greasy-Sunscreen%2Fdp%2FB09527QNLL%2Fref%3Dsr_1_52_sspa%3Fcrid%3DBCICLEMKVXND%26keywords%3Dsunscreen%26qid%3D1689051173%26sprefix%3Dsuns%252Caps%252C533%26sr%3D8-52-spons%26sp_csd%3Dd2lkZ2V0TmFtZT1zcF9hdGZfbmV4dA%26psc%3D1,https://m.media-amazon.com/images/I/61sZ2NKe4nL.__AC_SX300_SY300_QL70_ML2_.jpg,sunscreen,32.55,amazon
"Trader Joe’s Daily Facial Sunscreen Broad Spectrum SPF 40 Oil Free Invisible Gel Formula Fragrance Free Water Sweat Resistant, 1.70 Fl Oz (Pack of 1)",$17.99,4.6 out of 5 stars,229 ratings,Only 1 left in stock - order soon,https://www.amazon.com/Trader-Joes-Sunscreen-Invisible-Fragrance/dp/B0B5HQ3PYG/ref=sr_1_54?crid=BCICLEMKVXND&keywords=sunscreen&qid=1689051173&sprefix=suns%2Caps%2C533&sr=8-54,https://m.media-amazon.com/images/I/51zLbMuTceL._SX300_SY300_QL70_ML2_.jpg,sunscreen,113.16099999999999,amazon
"ISDIN Eryfotona Actinica Zinc Oxide and 100% Mineral Sunscreen Broad Spectrum SPF 50+, No White Cast, Suitable for Sensitive Skin, 3.4 Fl Oz",$60.00,4.6 out of 5 stars,"3,562 ratings",In Stock,https://www.amazon.com/ISDIN-Eryfotona-Actinica-Mineral-Sunscreen/dp/B07RXS4FQM/ref=sr_1_55?crid=BCICLEMKVXND&keywords=sunscreen&qid=1689051173&sprefix=suns%2Caps%2C533&sr=8-55,https://m.media-amazon.com/images/I/31OWWIx1HbL._SY445_SX342_QL70_ML2_.jpg,sunscreen,1775.46,amazon
"Aveeno Protect + Soothe Mineral Sunscreen Stick for Sensitive Skin with Broad Spectrum SPF 50, Water-Resistant Face & Body Sunscreen with Zinc Oxide & Oat, Fragrance-Free, Travel Size, 1.5 oz",$12.49,4.4 out of 5 stars,"1,374 ratings",In Stock,https://www.amazon.com/Aveeno-Positively-Sensitive-Water-Resistant-Fragrance-Free/dp/B07Z9SYF6N/ref=sr_1_56?crid=BCICLEMKVXND&keywords=sunscreen&qid=1689051173&sprefix=suns%2Caps%2C533&sr=8-56,https://m.media-amazon.com/images/I/41OGhjMgNJL._SX300_SY300_QL70_ML2_.jpg,sunscreen,686.191,amazon
"Amazon Brand - Solimo Sport Sunscreen Lotion, SPF 50, Reef Friendly (Octinoxate & Oxybenzone Free), Broad Spectrum UVA/UVB Protection, 8 Fluid Ounce",$6.49,4.5 out of 5 stars,"6,433 ratings",In Stock,https://www.amazon.com/Amazon-Brand-Sunscreen-Spectrum-Protection/dp/B07WGV6Q45/ref=sr_1_57?crid=BCICLEMKVXND&keywords=sunscreen&qid=1689051173&sprefix=suns%2Caps%2C533&sr=8-57,https://m.media-amazon.com/images/I/71WxAKjhbYL.__AC_SX300_SY300_QL70_ML2_.jpg,sunscreen,3216.301,amazon
"Neutrogena Invisible Daily Defense Sunscreen Lotion, Broad Spectrum SPF 60+, Oxybenzone-Free & Water-Resistant, Sun or Environmental Aggressor Protection, Antioxidant Complex, 3 Fl Oz, 3 Count",$14.99,4.4 out of 5 stars,"1,506 ratings",In Stock,https://www.amazon.com/Neutrogena-Oxybenzone-Free-Water-Resistant-Environmental-Antioxidant/dp/B08HWH65L8/ref=sr_1_58?crid=BCICLEMKVXND&keywords=sunscreen&qid=1689051173&sprefix=suns%2Caps%2C533&sr=8-58,https://m.media-amazon.com/images/I/31Rn-J3iYUL._SX300_SY300_QL70_ML2_.jpg,sunscreen,751.941,amazon
Bliss Block Star Tinted Face Sunscreen SPF 30-1.4 fl oz. - 100% Mineral Broad Spectrum Sunscreen With Zinc Oxide & Titanium Dioxide - Non Greasy Invisible finish,$21.90,4.5 out of 5 stars,"1,649 ratings",In Stock,https://www.amazon.com/sspa/click?ie=UTF8&spc=MToyOTkxNTQ0Nzc2MjQ1MTc0OjE2ODkwNTExNzM6c3BfbXRmOjIwMDE0OTUyMDc5Mjk5ODo6MDo6&url=%2FBliss-Sunscreen-Mineral-Non-Greasy-Non-Irritating%2Fdp%2FB092LFGWW6%2Fref%3Dsr_1_59_sspa%3Fcrid%3DBCICLEMKVXND%26keywords%3Dsunscreen%26qid%3D1689051173%26sprefix%3Dsuns%252Caps%252C533%26sr%3D8-59-spons%26sp_csd%3Dd2lkZ2V0TmFtZT1zcF9tdGY%26psc%3D1,https://m.media-amazon.com/images/I/310YckI8J1L._SX300_SY300_QL70_ML2_.jpg,sunscreen,822.76,amazon
"Alba Botanica Sunscreen Lotion, Sport, SPF 45, Fragrance Free, 4 Oz (Packaging May Vary)",$6.59,4.6 out of 5 stars,919 ratings,In Stock,https://www.amazon.com/sspa/click?ie=UTF8&spc=MToyOTkxNTQ0Nzc2MjQ1MTc0OjE2ODkwNTExNzM6c3BfbXRmOjIwMDE2NTY3ODQ3MzY5ODo6MDo6&url=%2FAlba-Botanica-Emollient-Sport-Sunscreen%2Fdp%2FB00AJIXZZ0%2Fref%3Dsr_1_60_sspa%3Fcrid%3DBCICLEMKVXND%26keywords%3Dsunscreen%26qid%3D1689051173%26sprefix%3Dsuns%252Caps%252C533%26sr%3D8-60-spons%26sp_csd%3Dd2lkZ2V0TmFtZT1zcF9tdGY%26psc%3D1,https://m.media-amazon.com/images/I/41Mucz2GMrL._SX300_SY300_QL70_ML2_.jpg,sunscreen,459.301,amazon
"Rael Face Moisturizer, Miracle Clear Barrier Cream - Moisturizer Face Cream for Oily and Acne Prone Skin Lightweight, with Succinic Acid, Hydrating Vitamin B5, Vegan, Cruelty Free (1.8 oz)",$11.98,4.3 out of 5 stars,287 ratings,In Stock,https://www.amazon.com/sspa/click?ie=UTF8&spc=MToyOTkxNTQ0Nzc2MjQ1MTc0OjE2ODkwNTExNzM6c3BfbXRmOjMwMDAwODk2OTYxMDUwMjo6MDo6&url=%2FRael-Miracle-Clear-Barrier-Cream%2Fdp%2FB09KFL42C8%2Fref%3Dsr_1_61_sspa%3Fcrid%3DBCICLEMKVXND%26keywords%3Dsunscreen%26qid%3D1689051173%26sprefix%3Dsuns%252Caps%252C533%26sr%3D8-61-spons%26sp_csd%3Dd2lkZ2V0TmFtZT1zcF9tdGY%26psc%3D1,https://m.media-amazon.com/images/I/31TUh44ZqlL._SX300_SY300_QL70_ML2_.jpg,sunscreen,142.732,amazon
"Brickell Men's Element Defense Moisturizer with SPF45 for Men, Natural & Organic, Zinc SPF45 Sunscreen, Hydrates and Protects Skin Against UVA/UVB Rays, 8 Ounce, Unscented",$28.00,4.6 out of 5 stars,394 ratings,In Stock,https://www.amazon.com/sspa/click?ie=UTF8&spc=MToyOTkxNTQ0Nzc2MjQ1MTc0OjE2ODkwNTExNzM6c3BfbXRmOjIwMDE3OTczMDk3MzM5ODo6MDo6&url=%2FBrickell-Moisturizer-Sunscreen-Hydrates-Unscented%2Fdp%2FB088C4XFPX%2Fref%3Dsr_1_62_sspa%3Fcrid%3DBCICLEMKVXND%26keywords%3Dsunscreen%26qid%3D1689051173%26sprefix%3Dsuns%252Caps%252C533%26sr%3D8-62-spons%26sp_csd%3Dd2lkZ2V0TmFtZT1zcF9tdGY%26psc%3D1,https://m.media-amazon.com/images/I/3107uyrlNUL._SX300_SY300_QL70_ML2_.jpg,sunscreen,194.66,amazon
"Thinksport SPF 50+ Mineral Sunscreen – Safe, Natural Sunblock for Sports & Active Use - Water Resistant Sun Cream –UVA/UVB Sun Protection – Vegan, Reef Friendly Sun Lotion, 6oz",$22.99,4.4 out of 5 stars,"3,716 ratings",In Stock,https://www.amazon.com/Thinksport-Sunscreen-SPF-50-Ounce/dp/B00K3JQO9Y/ref=sr_1_63?crid=BCICLEMKVXND&keywords=sunscreen&qid=1689051173&sprefix=suns%2Caps%2C533&sr=8-63,https://m.media-amazon.com/images/I/31C5BTkV2fL._SX300_SY300_QL70_ML2_.jpg,sunscreen,1856.141,amazon
"Thinksport Kids SPF 50+ Mineral Sunscreen – Safe, Natural Sunblock for Children - Water Resistant Sun Cream – Broad Spectrum UVA/UVB Sun Protection – Vegan, Reef Friendly Sun Lotion, 6oz",$17.59,4.7 out of 5 stars,"2,834 ratings",In Stock,https://www.amazon.com/Thinksport-Safe-Sunscreen-Cream-Ounce/dp/B00JZHCJLM/ref=sr_1_65?crid=BCICLEMKVXND&keywords=sunscreen&qid=1689051173&sprefix=suns%2Caps%2C533&sr=8-65,https://m.media-amazon.com/images/I/41kSiwzQTtL._SX300_SY300_QL70_ML2_.jpg,sunscreen,1415.711,amazon
"Banana Boat Sport Ultra SPF 50 Sunscreen Lotion, 128oz | Bulk Sunscreen, Banana Boat Sunscreen SPF 50 Lotion, Oxybenzone Free Sunscreen, Banana Boat Lotion Sunscreen Bulk SPF 50, 128oz",$104.99,4.5 out of 5 stars,294 ratings,In Stock,https://www.amazon.com/Banana-Boat-Performance-Sunscreen-Technology/dp/B074P8BS9B/ref=sr_1_66?crid=BCICLEMKVXND&keywords=sunscreen&qid=1689051173&sprefix=suns%2Caps%2C533&sr=8-66,https://m.media-amazon.com/images/I/31O803XDOmL._SX300_SY300_QL70_ML2_.jpg,sunscreen,136.951,amazon
"Paula's Choice SKIN RECOVERY Daily Moisturizing Lotion SPF 30 Mineral Sunscreen, 2 Ounce Bottle Moisturizing Sunscreen for Dry and Sensitive Facial Skin",$33.00,4.5 out of 5 stars,436 ratings,In Stock,https://www.amazon.com/sspa/click?ie=UTF8&spc=MToyOTkxNTQ0Nzc2MjQ1MTc0OjE2ODkwNTExNzM6c3BfbXRmOjIwMDAxMTAxOTA3OTU2MTo6MDo6&url=%2FPaulas-Choice-Moisturizing-Sunscreen-Sensitive%2Fdp%2FB00L5O3DPO%2Fref%3Dsr_1_67_sspa%3Fcrid%3DBCICLEMKVXND%26keywords%3Dsunscreen%26qid%3D1689051173%26sprefix%3Dsuns%252Caps%252C533%26sr%3D8-67-spons%26sp_csd%3Dd2lkZ2V0TmFtZT1zcF9tdGY%26psc%3D1,https://m.media-amazon.com/images/I/31MUE5cr0VL._SX300_SY300_QL70_ML2_.jpg,sunscreen,215.14999999999998,amazon
"Glo Skin Beauty Oil Free SPF 40+ Hyaluronic Acid Infused All Mineral Sunscreen - Protect Against Sun Damage & Aging Environmental Skin Stressors - Weightless, Invisible Finish",$48.00,4.6 out of 5 stars,419 ratings,In Stock,https://www.amazon.com/sspa/click?ie=UTF8&spc=MToyOTkxNTQ0Nzc2MjQ1MTc0OjE2ODkwNTExNzM6c3BfbXRmOjIwMDEwNDg5Nzg5MTk5ODo6MDo6&url=%2FGlo-Skin-Beauty-Hyaluronic-Sunscreen%2Fdp%2FB0B173C2M1%2Fref%3Dsr_1_68_sspa%3Fcrid%3DBCICLEMKVXND%26keywords%3Dsunscreen%26qid%3D1689051173%26sprefix%3Dsuns%252Caps%252C533%26sr%3D8-68-spons%26sp_csd%3Dd2lkZ2V0TmFtZT1zcF9tdGY%26psc%3D1,https://m.media-amazon.com/images/I/21aOlRXICgL._SX300_SY300_QL70_ML2_.jpg,sunscreen,205.16,amazon
"Rocky Mountain Sunscreen SPF 50 Liquid SPRAY | Reef Safe (Octinoxate & Oxybenzone Free) Water-Resistant | Broad Spectrum UVA/UVB Protection | Non-Greasy, Fragrance Free, Vegan, Gluten Free | 16 Fl Oz",$27.99,4.2 out of 5 stars,42 ratings,Only 5 left in stock - order soon,https://www.amazon.com/sspa/click?ie=UTF8&spc=MToyOTkxNTQ0Nzc2MjQ1MTc0OjE2ODkwNTExNzM6c3BfbXRmOjIwMDA1OTUzNjU5OTk5ODo6MDo6&url=%2FRocky-Mountain-Sunscreen-Refillable-16oz-Hypoallergenic%2Fdp%2FB086L5JMTV%2Fref%3Dsr_1_69_sspa%3Fcrid%3DBCICLEMKVXND%26keywords%3Dsunscreen%26qid%3D1689051173%26sprefix%3Dsuns%252Caps%252C533%26sr%3D8-69-spons%26sp_csd%3Dd2lkZ2V0TmFtZT1zcF9tdGY%26psc%3D1,https://m.media-amazon.com/images/I/31GPe1j87xL._SX300_SY300_QL70_ML2_.jpg,sunscreen,18.621000000000002,amazon
"EltaMD UV Sport Body Sunscreen, SPF 50 Sport Sunscreen Lotion, Sweat Resistant and Water Resistant up to 80 Minutes, Formulated with Zinc Oxide, Oil Free, Full Body Sunscreen, 3 oz Tube",$30.00,4.7 out of 5 stars,"11,441 ratings",In Stock,https://www.amazon.com/sspa/click?ie=UTF8&spc=MToyOTkxNTQ0Nzc2MjQ1MTc0OjE2ODkwNTExNzM6c3BfbXRmOjIwMDA0NDEzMzE1NTk5ODo6MDo6&url=%2FSunscreen-Broad-Spectrum-Water-Resistant-Dermatologist-Recommended-Mineral-Based%2Fdp%2FB008VK3F94%2Fref%3Dsr_1_70_sspa%3Fcrid%3DBCICLEMKVXND%26keywords%3Dsunscreen%26qid%3D1689051173%26sprefix%3Dsuns%252Caps%252C533%26sr%3D8-70-spons%26sp_csd%3Dd2lkZ2V0TmFtZT1zcF9tdGY%26psc%3D1,https://m.media-amazon.com/images/I/31hS0-Rg4tL._SY445_SX342_QL70_ML2_.jpg,sunscreen,5717.97,amazon
"Sun Zapper Zinc Oxide Mineral Sunscreen Stick (Pink, Blue, Green, Yellow) SPF 50+ Water Resistant for Face & Body, Adults, Kids, 4-Pack Broad Spectrum Sun Block, Made in Australia",$33.99,4.5 out of 5 stars,75 ratings,In Stock,https://www.amazon.com/Sun-Zapper-Green-Yellow-Sticks/dp/B071S5NQQ7/ref=sr_1_72?crid=BCICLEMKVXND&keywords=sunscreen&qid=1689051173&sprefix=suns%2Caps%2C533&sr=8-72,https://m.media-amazon.com/images/I/61HZqi19IsL._SX300_SY300_QL70_ML2_.jpg,sunscreen,34.551,amazon
"Coppertone SPORT Sunscreen SPF 100 Lotion, Water Resistant Sunscreen, Body Travel Size 3 Fl Oz",$8.37,4.6 out of 5 stars,"3,462 ratings",In Stock,https://www.amazon.com/Coppertone-Sunscreen-Lotion-Spectrum-3-Fluid-Ounce/dp/B0173G3AIC/ref=sr_1_73?crid=BCICLEMKVXND&keywords=sunscreen&qid=1689051173&sprefix=suns%2Caps%2C533&sr=8-73,https://m.media-amazon.com/images/I/41GabbDKPoL._SX300_SY300_QL70_ML2_.jpg,sunscreen,1730.623,amazon
"EltaMD UV Stick Face and Body Sunscreen, SPF 50+ Face Stick Sunscreen with Zinc Oxide, Water Resistant Up To 80 Minutes, Travel Friendly, TSA Compliant, For Face and Body, No White Cast, 1.3 OZ Stick",$35.00,4.4 out of 5 stars,606 ratings,In Stock,https://www.amazon.com/EltaMD-Sunscreen-Broad-Spectrum-Water-Resistant-Oil-Free/dp/B09HWN3STC/ref=sr_1_75?crid=BCICLEMKVXND&keywords=sunscreen&qid=1689051173&sprefix=suns%2Caps%2C533&sr=8-75,https://m.media-amazon.com/images/I/31mbwJ3R1DL._SY445_SX342_QL70_ML2_.jpg,sunscreen,299.94,amazon
"Neutrogena Beach Defense Water-Resistant Sunscreen Lotion with Broad Spectrum SPF 30, Oil-Free and PABA-Free Oxybenzone-Free Sunscreen Lotion, UVA/UVB Sun Protection, SPF 30, 6.7 fl. oz",$11.49,4.7 out of 5 stars,"2,032 ratings",In Stock,https://www.amazon.com/Neutrogena-Resistant-Sunscreen-Spectrum-Fast-Absorbing/dp/B00AKG404Q/ref=sr_1_76?crid=BCICLEMKVXND&keywords=sunscreen&qid=1689051173&sprefix=suns%2Caps%2C533&sr=8-76,https://m.media-amazon.com/images/I/31Nxc8YaeeL._SX300_SY300_QL70_ML2_.jpg,sunscreen,1015.321,amazon
"Aveeno Baby Continuous Protection Zinc Oxide Mineral Sunscreen Lotion for Sensitive Skin, Broad Spectrum SPF 50, Tear-Free, Sweat- & Water-Resistant, Paraben-Free, Travel-Size, 3 fl. oz",$11.97,4.6 out of 5 stars,653 ratings,In Stock,https://www.amazon.com/Aveeno-Continuous-Protection-Water-Resistant-Travel-Size/dp/B07RN6TSKF/ref=sr_1_78?crid=BCICLEMKVXND&keywords=sunscreen&qid=1689051173&sprefix=suns%2Caps%2C533&sr=8-78,https://m.media-amazon.com/images/I/419c0znVR1L._SX300_SY300_QL70_ML2_.jpg,sunscreen,325.763,amazon
"COSRX Daily SPF 50 Vitamin E Vitalizing Sunscreen, OTC Broad Spectrum UVA & UVB Protection, Lightweight & No White Cast, Invisible Semi Matte Finish, Sebum Balancing, Reef Friendly, Korean Skincare",$17.25,4.4 out of 5 stars,208 ratings,In Stock,https://www.amazon.com/COSRX-Sunscreen-Whitecast-Vitalizing-Protection/dp/B09ZY7468X/ref=sr_1_82?crid=BCICLEMKVXND&keywords=sunscreen&qid=1689051173&sprefix=suns%2Caps%2C533&sr=8-82,https://m.media-amazon.com/images/I/31NWn+HeB5L._SY300_SX300_.jpg,sunscreen,102.715,amazon
"BLUE LIZARD Sensitive Mineral Sunscreen with Zinc Oxide, SPF 50+, Water Resistant, UVA/UVB Protection with Smart Bottle Technology - Fragrance Free, 5 oz",$13.10,4.7 out of 5 stars,"14,460 ratings",In Stock,https://www.amazon.com/sspa/click?ie=UTF8&spc=MTo3MzU3MTc0NTQ2MTQwNzI6MTY4OTA1MTI3NTpzcF9hdGZfbmV4dDozMDAwMTExNzIzOTY5MDI6OjA6Og&url=%2FBlue-Lizard-Sensitive-Mineral-Sunscreen%2Fdp%2FB083VY5GVN%2Fref%3Dsr_1_49_sspa%3Fcrid%3DBCICLEMKVXND%26keywords%3Dsunscreen%26qid%3D1689051275%26sprefix%3Dsuns%252Caps%252C533%26sr%3D8-49-spons%26sp_csd%3Dd2lkZ2V0TmFtZT1zcF9hdGZfbmV4dA%26psc%3D1,https://m.media-amazon.com/images/I/41T9UXQDr0L._SX300_SY300_QL70_ML2_.jpg,sunscreen,7229.16,amazon
"BLUE LIZARD Sensitive Mineral Sunscreen with Zinc Oxide 50+ Water Resistant UVAUVB Protection with Smart Cap Technology Fragrance Free, Sensitve, SPF 50 - - Tube, Unscented, 5 Fl Oz",$15.99,4.6 out of 5 stars,"2,670 ratings",In Stock,https://www.amazon.com/sspa/click?ie=UTF8&spc=MTo3MzU3MTc0NTQ2MTQwNzI6MTY4OTA1MTI3NTpzcF9hdGZfbmV4dDoyMDAxMjg2MDMwODk3OTg6OjA6Og&url=%2FBlue-Lizard-Sensitive-Mineral-Sunscreen%2Fdp%2FB084ZP848Y%2Fref%3Dsr_1_50_sspa%3Fcrid%3DBCICLEMKVXND%26keywords%3Dsunscreen%26qid%3D1689051275%26sprefix%3Dsuns%252Caps%252C533%26sr%3D8-50-spons%26sp_csd%3Dd2lkZ2V0TmFtZT1zcF9hdGZfbmV4dA%26psc%3D1,https://m.media-amazon.com/images/I/41S5aC1MJBL._SX300_SY300_QL70_ML2_.jpg,sunscreen,1333.861,amazon
"Leader Travel Sunscreen SPF 100+, Ultra Sheer Dry-Touch Water Resistant and Non-Greasy Lotion with Broad Spectrum SPF 100+, 3 Fl Oz (3)",$38.90,4.4 out of 5 stars,72 ratings,Only 13 left in stock - order soon,https://www.amazon.com/sspa/click?ie=UTF8&spc=MTo3MzU3MTc0NTQ2MTQwNzI6MTY4OTA1MTI3NTpzcF9hdGZfbmV4dDoyMDAxMzk4MTUyOTk3OTg6OjA6Og&url=%2FLeader-Dry-Touch-Resistant-Non-Greasy-Sunscreen%2Fdp%2FB09527QNLL%2Fref%3Dsr_1_51_sspa%3Fcrid%3DBCICLEMKVXND%26keywords%3Dsunscreen%26qid%3D1689051275%26sprefix%3Dsuns%252Caps%252C533%26sr%3D8-51-spons%26sp_csd%3Dd2lkZ2V0TmFtZT1zcF9hdGZfbmV4dA%26psc%3D1,https://m.media-amazon.com/images/I/61sZ2NKe4nL.__AC_SX300_SY300_QL70_ML2_.jpg,sunscreen,32.55,amazon
"EltaMD UV Sport Body Sunscreen, SPF 50 Sport Sunscreen Lotion, Sweat Resistant and Water Resistant up to 80 Minutes, Formulated with Zinc Oxide, Oil Free, Full Body Sunscreen, 3 oz Tube",$30.00,4.7 out of 5 stars,"11,441 ratings",In Stock,https://www.amazon.com/sspa/click?ie=UTF8&spc=MTo3MzU3MTc0NTQ2MTQwNzI6MTY4OTA1MTI3NTpzcF9hdGZfbmV4dDoyMDAwNDQxMzMxNTU5OTg6OjA6Og&url=%2FSunscreen-Broad-Spectrum-Water-Resistant-Dermatologist-Recommended-Mineral-Based%2Fdp%2FB008VK3F94%2Fref%3Dsr_1_52_sspa%3Fcrid%3DBCICLEMKVXND%26keywords%3Dsunscreen%26qid%3D1689051275%26sprefix%3Dsuns%252Caps%252C533%26sr%3D8-52-spons%26sp_csd%3Dd2lkZ2V0TmFtZT1zcF9hdGZfbmV4dA%26psc%3D1,https://m.media-amazon.com/images/I/31hS0-Rg4tL._SY445_SX342_QL70_ML2_.jpg,sunscreen,5717.97,amazon
"ISDIN Eryfotona Actinica Zinc Oxide and 100% Mineral Sunscreen Broad Spectrum SPF 50+, No White Cast, Suitable for Sensitive Skin, 3.4 Fl Oz",$60.00,4.6 out of 5 stars,"3,562 ratings",In Stock,https://www.amazon.com/ISDIN-Eryfotona-Actinica-Mineral-Sunscreen/dp/B07RXS4FQM/ref=sr_1_55?crid=BCICLEMKVXND&keywords=sunscreen&qid=1689051275&sprefix=suns%2Caps%2C533&sr=8-55,https://m.media-amazon.com/images/I/31OWWIx1HbL._SY445_SX342_QL70_ML2_.jpg,sunscreen,1775.46,amazon
"Aveeno Protect + Soothe Mineral Sunscreen Stick for Sensitive Skin with Broad Spectrum SPF 50, Water-Resistant Face & Body Sunscreen with Zinc Oxide & Oat, Fragrance-Free, Travel Size, 1.5 oz",$12.49,4.4 out of 5 stars,"1,374 ratings",In Stock,https://www.amazon.com/Aveeno-Positively-Sensitive-Water-Resistant-Fragrance-Free/dp/B07Z9SYF6N/ref=sr_1_56?crid=BCICLEMKVXND&keywords=sunscreen&qid=1689051275&sprefix=suns%2Caps%2C533&sr=8-56,https://m.media-amazon.com/images/I/41OGhjMgNJL._SX300_SY300_QL70_ML2_.jpg,sunscreen,686.191,amazon
"COSRX Daily SPF 50 Vitamin E Vitalizing Sunscreen, OTC Broad Spectrum UVA & UVB Protection, Lightweight & No White Cast, Invisible Semi Matte Finish, Sebum Balancing, Reef Friendly, Korean Skincare",$17.25,4.4 out of 5 stars,208 ratings,In Stock,https://www.amazon.com/sspa/click?ie=UTF8&spc=MTo3MzU3MTc0NTQ2MTQwNzI6MTY4OTA1MTI3NTpzcF9tdGY6MjAwMTM1Mzc3Mzc5Mjk4OjowOjo&url=%2FCOSRX-Sunscreen-Whitecast-Vitalizing-Protection%2Fdp%2FB09ZY7468X%2Fref%3Dsr_1_59_sspa%3Fcrid%3DBCICLEMKVXND%26keywords%3Dsunscreen%26qid%3D1689051275%26sprefix%3Dsuns%252Caps%252C533%26sr%3D8-59-spons%26sp_csd%3Dd2lkZ2V0TmFtZT1zcF9tdGY%26psc%3D1,https://m.media-amazon.com/images/I/31NWn+HeB5L._SY300_SX300_.jpg,sunscreen,102.715,amazon
"Alba Botanica Sunscreen Lotion, Sport, SPF 45, Fragrance Free, 4 Oz (Packaging May Vary)",$6.59,4.6 out of 5 stars,919 ratings,In Stock,https://www.amazon.com/sspa/click?ie=UTF8&spc=MTo3MzU3MTc0NTQ2MTQwNzI6MTY4OTA1MTI3NTpzcF9tdGY6MjAwMTY1Njc4NDczNjk4OjowOjo&url=%2FAlba-Botanica-Emollient-Sport-Sunscreen%2Fdp%2FB00AJIXZZ0%2Fref%3Dsr_1_60_sspa%3Fcrid%3DBCICLEMKVXND%26keywords%3Dsunscreen%26qid%3D1689051275%26sprefix%3Dsuns%252Caps%252C533%26sr%3D8-60-spons%26sp_csd%3Dd2lkZ2V0TmFtZT1zcF9tdGY%26psc%3D1,https://m.media-amazon.com/images/I/41Mucz2GMrL._SX300_SY300_QL70_ML2_.jpg,sunscreen,459.301,amazon
"Colorescience Total Protection Face Shield Flex SPF 50, 1.8 fl. oz.",$49.00,4.5 out of 5 stars,"2,432 ratings",In Stock,https://www.amazon.com/sspa/click?ie=UTF8&spc=MTo3MzU3MTc0NTQ2MTQwNzI6MTY4OTA1MTI3NTpzcF9tdGY6MjAwMDgwMDQ0NDc0MzIxOjowOjo&url=%2FColorescience-Protection-Shield-Formula-Medium%2Fdp%2FB093W7CDWD%2Fref%3Dsr_1_61_sspa%3Fcrid%3DBCICLEMKVXND%26keywords%3Dsunscreen%26qid%3D1689051275%26sprefix%3Dsuns%252Caps%252C533%26sr%3D8-61-spons%26sp_csd%3Dd2lkZ2V0TmFtZT1zcF9tdGY%26psc%3D1,https://m.media-amazon.com/images/I/41D3Ehu+UXS._SX342_SY445_.jpg,sunscreen,1211.55,amazon
Bliss Block Star Tinted Face Sunscreen SPF 30-1.4 fl oz. - 100% Mineral Broad Spectrum Sunscreen With Zinc Oxide & Titanium Dioxide - Non Greasy Invisible finish,$21.90,4.5 out of 5 stars,"1,649 ratings",In Stock,https://www.amazon.com/sspa/click?ie=UTF8&spc=MTo3MzU3MTc0NTQ2MTQwNzI6MTY4OTA1MTI3NTpzcF9tdGY6MjAwMTQ5NTIwNzkyOTk4OjowOjo&url=%2FBliss-Sunscreen-Mineral-Non-Greasy-Non-Irritating%2Fdp%2FB092LFGWW6%2Fref%3Dsr_1_62_sspa%3Fcrid%3DBCICLEMKVXND%26keywords%3Dsunscreen%26qid%3D1689051275%26sprefix%3Dsuns%252Caps%252C533%26sr%3D8-62-spons%26sp_csd%3Dd2lkZ2V0TmFtZT1zcF9tdGY%26psc%3D1,https://m.media-amazon.com/images/I/310YckI8J1L._SX300_SY300_QL70_ML2_.jpg,sunscreen,822.76,amazon
"Rael Face Moisturizer, Miracle Clear Barrier Cream - Moisturizer Face Cream for Oily and Acne Prone Skin Lightweight, with Succinic Acid, Hydrating Vitamin B5, Vegan, Cruelty Free (1.8 oz)",$11.98,4.3 out of 5 stars,287 ratings,In Stock,https://www.amazon.com/sspa/click?ie=UTF8&spc=MTo3MzU3MTc0NTQ2MTQwNzI6MTY4OTA1MTI3NTpzcF9tdGY6MzAwMDA4OTY5NjEwNTAyOjowOjo&url=%2FRael-Miracle-Clear-Barrier-Cream%2Fdp%2FB09KFL42C8%2Fref%3Dsr_1_67_sspa%3Fcrid%3DBCICLEMKVXND%26keywords%3Dsunscreen%26qid%3D1689051275%26sprefix%3Dsuns%252Caps%252C533%26sr%3D8-67-spons%26sp_csd%3Dd2lkZ2V0TmFtZT1zcF9tdGY%26psc%3D1,https://m.media-amazon.com/images/I/31TUh44ZqlL._SX300_SY300_QL70_ML2_.jpg,sunscreen,142.732,amazon
"Brickell Men's Element Defense Moisturizer with SPF45 for Men, Natural & Organic, Zinc SPF45 Sunscreen, Hydrates and Protects Skin Against UVA/UVB Rays, 8 Ounce, Unscented",$28.00,4.6 out of 5 stars,394 ratings,In Stock,https://www.amazon.com/sspa/click?ie=UTF8&spc=MTo3MzU3MTc0NTQ2MTQwNzI6MTY4OTA1MTI3NTpzcF9tdGY6MjAwMTc5NzMwOTczMzk4OjowOjo&url=%2FBrickell-Moisturizer-Sunscreen-Hydrates-Unscented%2Fdp%2FB088C4XFPX%2Fref%3Dsr_1_68_sspa%3Fcrid%3DBCICLEMKVXND%26keywords%3Dsunscreen%26qid%3D1689051275%26sprefix%3Dsuns%252Caps%252C533%26sr%3D8-68-spons%26sp_csd%3Dd2lkZ2V0TmFtZT1zcF9tdGY%26psc%3D1,https://m.media-amazon.com/images/I/3107uyrlNUL._SX300_SY300_QL70_ML2_.jpg,sunscreen,194.66,amazon
"Paula's Choice SKIN RECOVERY Daily Moisturizing Lotion SPF 30 Mineral Sunscreen, 2 Ounce Bottle Moisturizing Sunscreen for Dry and Sensitive Facial Skin",$33.00,4.5 out of 5 stars,436 ratings,In Stock,https://www.amazon.com/sspa/click?ie=UTF8&spc=MTo3MzU3MTc0NTQ2MTQwNzI6MTY4OTA1MTI3NTpzcF9tdGY6MjAwMDExMDE5MDc5NTYxOjowOjo&url=%2FPaulas-Choice-Moisturizing-Sunscreen-Sensitive%2Fdp%2FB00L5O3DPO%2Fref%3Dsr_1_69_sspa%3Fcrid%3DBCICLEMKVXND%26keywords%3Dsunscreen%26qid%3D1689051275%26sprefix%3Dsuns%252Caps%252C533%26sr%3D8-69-spons%26sp_csd%3Dd2lkZ2V0TmFtZT1zcF9tdGY%26psc%3D1,https://m.media-amazon.com/images/I/31MUE5cr0VL._SX300_SY300_QL70_ML2_.jpg,sunscreen,215.14999999999998,amazon
"Glo Skin Beauty Oil Free SPF 40+ Hyaluronic Acid Infused All Mineral Sunscreen - Protect Against Sun Damage & Aging Environmental Skin Stressors - Weightless, Invisible Finish",$48.00,4.6 out of 5 stars,419 ratings,In Stock,https://www.amazon.com/sspa/click?ie=UTF8&spc=MTo3MzU3MTc0NTQ2MTQwNzI6MTY4OTA1MTI3NTpzcF9tdGY6MjAwMTA0ODk3ODkxOTk4OjowOjo&url=%2FGlo-Skin-Beauty-Hyaluronic-Sunscreen%2Fdp%2FB0B173C2M1%2Fref%3Dsr_1_70_sspa%3Fcrid%3DBCICLEMKVXND%26keywords%3Dsunscreen%26qid%3D1689051275%26sprefix%3Dsuns%252Caps%252C533%26sr%3D8-70-spons%26sp_csd%3Dd2lkZ2V0TmFtZT1zcF9tdGY%26psc%3D1,https://m.media-amazon.com/images/I/21aOlRXICgL._SX300_SY300_QL70_ML2_.jpg,sunscreen,205.16,amazon
"GOLDEN HOUR Fashion Business Mens Watches with Stainless Steel Waterproof Chronograph Quartz Watch for Men, Auto Date",$42.39,4.5 out of 5 stars,"10,870 ratings",In Stock,https://www.amazon.com/sspa/click?ie=UTF8&spc=MTo3OTUxMTcxMjYxNzIzODAyOjE2ODkwNTYwMzI6c3BfYXRmOjIwMDAyNDcyNDA5OTY2MTo6MDo6&url=%2FGOLDEN-HOUR-Stainless-Waterproof-Chronograph%2Fdp%2FB087JG6H25%2Fref%3Dsr_1_1_sspa%3Fcrid%3D3D72CH8G1PIYQ%26keywords%3Dwatch%26qid%3D1689056032%26sprefix%3Dwatc%252Caps%252C427%26sr%3D8-1-spons%26sp_csd%3Dd2lkZ2V0TmFtZT1zcF9hdGY%26psc%3D1,https://m.media-amazon.com/images/I/61hwd7aAmnL.__AC_SX300_SY300_QL70_ML2_.jpg,watch,5431.211,amazon
GOLDEN HOUR Mens Watch Fashion Sleek Minimalist Quartz Analog Mesh Stainless Steel Waterproof Chronograph Watches for Men with Auto Date,$35.99,4.4 out of 5 stars,"10,248 ratings",In Stock,https://www.amazon.com/sspa/click?ie=UTF8&spc=MTo3OTUxMTcxMjYxNzIzODAyOjE2ODkwNTYwMzI6c3BfYXRmOjIwMDAxOTUxNDk3OTQ2MTo6MDo6&url=%2FFashion-Stainless-Waterproof-Chronograph-Watches%2Fdp%2FB07YQRKJP4%2Fref%3Dsr_1_2_sspa%3Fcrid%3D3D72CH8G1PIYQ%26keywords%3Dwatch%26qid%3D1689056032%26sprefix%3Dwatc%252Caps%252C427%26sr%3D8-2-spons%26sp_csd%3Dd2lkZ2V0TmFtZT1zcF9hdGY%26psc%3D1,https://m.media-amazon.com/images/I/71Meq7sFVqL.__AC_SX300_SY300_QL70_ML2_.jpg,watch,5120.840999999999,amazon
"BEN NEVIS Mens Watches, Minimalist Fashion Simple Wrist Watch for Men Analog Date with Leather Strap",$26.99,4.2 out of 5 stars,"2,544 ratings",In Stock,https://www.amazon.com/sspa/click?ie=UTF8&spc=MTo3OTUxMTcxMjYxNzIzODAyOjE2ODkwNTYwMzI6c3BfYXRmOjIwMDE2OTY0Mzc5MzU5ODo6MDo6&url=%2FMinimalist-Fashion-Simple-Analog-Leather%2Fdp%2FB08DHZNWK7%2Fref%3Dsr_1_3_sspa%3Fcrid%3D3D72CH8G1PIYQ%26keywords%3Dwatch%26qid%3D1689056032%26sprefix%3Dwatc%252Caps%252C427%26sr%3D8-3-spons%26sp_csd%3Dd2lkZ2V0TmFtZT1zcF9hdGY%26psc%3D1,https://m.media-amazon.com/images/I/61QeNWSSHaL.__AC_SX300_SY300_QL70_ML2_.jpg,watch,1269.721,amazon
"Bctemno Smart Watch(Answer/Make Call), USB Charging Waterproof smartwatches Fitness Watch with Heart Rate Sleep Monitor Blood Oxygen for Android Phones and iOS Phones Women Men",$39.99,4.2 out of 5 stars,"1,504 ratings",In Stock,https://www.amazon.com/sspa/click?ie=UTF8&spc=MTo3OTUxMTcxMjYxNzIzODAyOjE2ODkwNTYwMzI6c3BfYXRmOjIwMDA2NjQ4ODQzODY5ODo6MDo6&url=%2FCharging-Waterproof-smartwatches-Fitness-Monitor%2Fdp%2FB0B28Q5MPF%2Fref%3Dsr_1_4_sspa%3Fcrid%3D3D72CH8G1PIYQ%26keywords%3Dwatch%26qid%3D1689056032%26sprefix%3Dwatc%252Caps%252C427%26sr%3D8-4-spons%26sp_csd%3Dd2lkZ2V0TmFtZT1zcF9hdGY%26psc%3D1,https://m.media-amazon.com/images/I/71bSwnCy4kL.__AC_SX300_SY300_QL70_ML2_.jpg,watch,748.4209999999999,amazon
Casio 10 Year Battery,$24.90,4.7 out of 5 stars,"10,989 ratings",In Stock,https://www.amazon.com/Casio-AE-1500WH-8BVCF-10-Year-Battery/dp/B08VNH56LY/ref=sr_1_5?crid=3D72CH8G1PIYQ&keywords=watch&qid=1689056032&sprefix=watc%2Caps%2C427&sr=8-5,https://m.media-amazon.com/images/I/81bXL4Y6XXL.__AC_SX300_SY300_QL70_ML2_.jpg,watch,5492.4800000000005,amazon
Casio F91W-1 Classic Resin Strap Digital Sport Watch,$16.88,4.6 out of 5 stars,"46,862 ratings",In Stock,https://www.amazon.com/Casio-Classic-Quartz-Metal-Casual/dp/B01MZF6LL2/ref=sr_1_6?crid=3D72CH8G1PIYQ&keywords=watch&qid=1689056032&sprefix=watc%2Caps%2C427&sr=8-6,https://m.media-amazon.com/images/I/51yV7Ca-IIL.__AC_SX342_SY445_QL70_ML2_.jpg,watch,23429.772,amazon
"GOLDEN HOUR Fashion Business Mens Watches with Stainless Steel Waterproof Chronograph Quartz Watch for Men, Auto Date",$42.39,4.5 out of 5 stars,"10,870 ratings",In Stock,https://www.amazon.com/sspa/click?ie=UTF8&spc=MTo4NjI1MTI4MDA4NDcyODg2OjE2ODkwNTYwNTc6c3BfYXRmOjIwMDAyNDcyNDA5OTY2MTo6MDo6&url=%2FGOLDEN-HOUR-Stainless-Waterproof-Chronograph%2Fdp%2FB087JG6H25%2Fref%3Dsr_1_1_sspa%3Fcrid%3D3D72CH8G1PIYQ%26keywords%3Dwatch%26qid%3D1689056057%26sprefix%3Dwatc%252Caps%252C427%26sr%3D8-1-spons%26sp_csd%3Dd2lkZ2V0TmFtZT1zcF9hdGY%26psc%3D1,https://m.media-amazon.com/images/I/61hwd7aAmnL.__AC_SX300_SY300_QL70_ML2_.jpg,watch,5431.211,amazon
GOLDEN HOUR Mens Watch Fashion Sleek Minimalist Quartz Analog Mesh Stainless Steel Waterproof Chronograph Watches for Men with Auto Date,$35.99,4.4 out of 5 stars,"10,248 ratings",In Stock,https://www.amazon.com/sspa/click?ie=UTF8&spc=MTo4NjI1MTI4MDA4NDcyODg2OjE2ODkwNTYwNTc6c3BfYXRmOjIwMDAxOTUxNDk3OTQ2MTo6MDo6&url=%2FFashion-Stainless-Waterproof-Chronograph-Watches%2Fdp%2FB07YQRKJP4%2Fref%3Dsr_1_2_sspa%3Fcrid%3D3D72CH8G1PIYQ%26keywords%3Dwatch%26qid%3D1689056057%26sprefix%3Dwatc%252Caps%252C427%26sr%3D8-2-spons%26sp_csd%3Dd2lkZ2V0TmFtZT1zcF9hdGY%26psc%3D1,https://m.media-amazon.com/images/I/71Meq7sFVqL.__AC_SX300_SY300_QL70_ML2_.jpg,watch,5120.840999999999,amazon
"BEN NEVIS Mens Watches, Minimalist Fashion Simple Wrist Watch for Men Analog Date with Leather Strap",$26.99,4.2 out of 5 stars,"2,544 ratings",In Stock,https://www.amazon.com/sspa/click?ie=UTF8&spc=MTo4NjI1MTI4MDA4NDcyODg2OjE2ODkwNTYwNTc6c3BfYXRmOjIwMDE2OTY0Mzc5MzU5ODo6MDo6&url=%2FMinimalist-Fashion-Simple-Analog-Leather%2Fdp%2FB08DHZNWK7%2Fref%3Dsr_1_3_sspa%3Fcrid%3D3D72CH8G1PIYQ%26keywords%3Dwatch%26qid%3D1689056057%26sprefix%3Dwatc%252Caps%252C427%26sr%3D8-3-spons%26sp_csd%3Dd2lkZ2V0TmFtZT1zcF9hdGY%26psc%3D1,https://m.media-amazon.com/images/I/61QeNWSSHaL.__AC_SX300_SY300_QL70_ML2_.jpg,watch,1269.721,amazon
"Bctemno Smart Watch(Answer/Make Call), USB Charging Waterproof smartwatches Fitness Watch with Heart Rate Sleep Monitor Blood Oxygen for Android Phones and iOS Phones Women Men",$39.99,4.2 out of 5 stars,"1,504 ratings",In Stock,https://www.amazon.com/sspa/click?ie=UTF8&spc=MTo4NjI1MTI4MDA4NDcyODg2OjE2ODkwNTYwNTc6c3BfYXRmOjIwMDA2NjQ4ODQzODY5ODo6MDo6&url=%2FCharging-Waterproof-smartwatches-Fitness-Monitor%2Fdp%2FB0B28Q5MPF%2Fref%3Dsr_1_4_sspa%3Fcrid%3D3D72CH8G1PIYQ%26keywords%3Dwatch%26qid%3D1689056057%26sprefix%3Dwatc%252Caps%252C427%26sr%3D8-4-spons%26sp_csd%3Dd2lkZ2V0TmFtZT1zcF9hdGY%26psc%3D1,https://m.media-amazon.com/images/I/71bSwnCy4kL.__AC_SX300_SY300_QL70_ML2_.jpg,watch,748.4209999999999,amazon
Casio 10 Year Battery,$24.90,4.7 out of 5 stars,"10,989 ratings",In Stock,https://www.amazon.com/Casio-AE-1500WH-8BVCF-10-Year-Battery/dp/B08VNH56LY/ref=sr_1_5?crid=3D72CH8G1PIYQ&keywords=watch&qid=1689056057&sprefix=watc%2Caps%2C427&sr=8-5,https://m.media-amazon.com/images/I/81bXL4Y6XXL.__AC_SX300_SY300_QL70_ML2_.jpg,watch,5492.4800000000005,amazon
"GOLDEN HOUR Fashion Business Mens Watches with Stainless Steel Waterproof Chronograph Quartz Watch for Men, Auto Date",$42.39,4.5 out of 5 stars,"10,870 ratings",In Stock,https://www.amazon.com/sspa/click?ie=UTF8&spc=MTo4ODgwNjAxODk4MjI4ODU0OjE2ODkwNTYwNzc6c3BfYXRmOjIwMDAyNDcyNDA5OTY2MTo6MDo6&url=%2FGOLDEN-HOUR-Stainless-Waterproof-Chronograph%2Fdp%2FB087JG6H25%2Fref%3Dsr_1_1_sspa%3Fcrid%3D3D72CH8G1PIYQ%26keywords%3Dwatch%26qid%3D1689056077%26sprefix%3Dwatc%252Caps%252C427%26sr%3D8-1-spons%26sp_csd%3Dd2lkZ2V0TmFtZT1zcF9hdGY%26psc%3D1,https://m.media-amazon.com/images/I/61hwd7aAmnL.__AC_SX300_SY300_QL70_ML2_.jpg,watch,5431.211,amazon
GOLDEN HOUR Mens Watch Fashion Sleek Minimalist Quartz Analog Mesh Stainless Steel Waterproof Chronograph Watches for Men with Auto Date,$35.99,4.4 out of 5 stars,"10,248 ratings",In Stock,https://www.amazon.com/sspa/click?ie=UTF8&spc=MTo4ODgwNjAxODk4MjI4ODU0OjE2ODkwNTYwNzc6c3BfYXRmOjIwMDAxOTUxNDk3OTQ2MTo6MDo6&url=%2FFashion-Stainless-Waterproof-Chronograph-Watches%2Fdp%2FB07YQRKJP4%2Fref%3Dsr_1_2_sspa%3Fcrid%3D3D72CH8G1PIYQ%26keywords%3Dwatch%26qid%3D1689056077%26sprefix%3Dwatc%252Caps%252C427%26sr%3D8-2-spons%26sp_csd%3Dd2lkZ2V0TmFtZT1zcF9hdGY%26psc%3D1,https://m.media-amazon.com/images/I/71Meq7sFVqL.__AC_SX300_SY300_QL70_ML2_.jpg,watch,5120.840999999999,amazon
"BEN NEVIS Mens Watches, Minimalist Fashion Simple Wrist Watch for Men Analog Date with Leather Strap",$26.99,4.2 out of 5 stars,"2,544 ratings",In Stock,https://www.amazon.com/sspa/click?ie=UTF8&spc=MTo4ODgwNjAxODk4MjI4ODU0OjE2ODkwNTYwNzc6c3BfYXRmOjIwMDE2OTY0Mzc5MzU5ODo6MDo6&url=%2FMinimalist-Fashion-Simple-Analog-Leather%2Fdp%2FB08DHZNWK7%2Fref%3Dsr_1_3_sspa%3Fcrid%3D3D72CH8G1PIYQ%26keywords%3Dwatch%26qid%3D1689056077%26sprefix%3Dwatc%252Caps%252C427%26sr%3D8-3-spons%26sp_csd%3Dd2lkZ2V0TmFtZT1zcF9hdGY%26psc%3D1,https://m.media-amazon.com/images/I/61QeNWSSHaL.__AC_SX300_SY300_QL70_ML2_.jpg,watch,1269.721,amazon
"Bctemno Smart Watch(Answer/Make Call), USB Charging Waterproof smartwatches Fitness Watch with Heart Rate Sleep Monitor Blood Oxygen for Android Phones and iOS Phones Women Men",$39.99,4.2 out of 5 stars,"1,504 ratings",In Stock,https://www.amazon.com/sspa/click?ie=UTF8&spc=MTo4ODgwNjAxODk4MjI4ODU0OjE2ODkwNTYwNzc6c3BfYXRmOjIwMDA2NjQ4ODQzODY5ODo6MDo6&url=%2FCharging-Waterproof-smartwatches-Fitness-Monitor%2Fdp%2FB0B28Q5MPF%2Fref%3Dsr_1_4_sspa%3Fcrid%3D3D72CH8G1PIYQ%26keywords%3Dwatch%26qid%3D1689056077%26sprefix%3Dwatc%252Caps%252C427%26sr%3D8-4-spons%26sp_csd%3Dd2lkZ2V0TmFtZT1zcF9hdGY%26psc%3D1,https://m.media-amazon.com/images/I/71bSwnCy4kL.__AC_SX300_SY300_QL70_ML2_.jpg,watch,748.4209999999999,amazon
